-1.3e-07,0.000893281,0.0805376
-1.298e-07,0.000893281,0.0805376
-1.296e-07,0.000893281,0.0805376
-1.294e-07,0.000893281,0.0805376
-1.292e-07,0.000893281,0.0805376
-1.29e-07,0.000893281,0.0963478
-1.288e-07,0.000893281,0.0963478
-1.286e-07,0.000893281,0.0963478
-1.284e-07,0.000893281,0.0963478
-1.282e-07,0.000893281,0.0963478
-1.28e-07,0.000102767,0.0963478
-1.278e-07,0.000102767,0.0963478
-1.276e-07,0.000893281,0.0963478
-1.274e-07,0.000893281,0.0963478
-1.272e-07,0.000893281,0.0805376
-1.27e-07,0.000893281,0.0805376
-1.268e-07,0.000893281,0.0805376
-1.266e-07,0.000893281,0.0805376
-1.264e-07,0.000893281,0.0963478
-1.262e-07,0.000893281,0.0963478
-1.26e-07,0.000893281,0.0963478
-1.258e-07,0.000893281,0.0963478
-1.256e-07,0.000893281,0.0963478
-1.254e-07,0.000893281,0.0963478
-1.252e-07,0.000893281,0.0963478
-1.25e-07,0.000893281,0.0963478
-1.248e-07,0.000893281,0.0963478
-1.246e-07,0.000893281,0.0963478
-1.244e-07,0.000893281,0.0963478
-1.242e-07,0.000893281,0.0963478
-1.24e-07,0.000893281,0.0963478
-1.238e-07,0.000893281,0.0963478
-1.236e-07,0.000893281,0.0963478
-1.234e-07,0.000102767,0.0963478
-1.232e-07,0.000893281,0.0963478
-1.23e-07,0.000893281,0.0963478
-1.228e-07,0.000893281,0.0963478
-1.226e-07,0.000893281,0.0963478
-1.224e-07,0.000893281,0.0963478
-1.222e-07,0.000893281,0.0805376
-1.22e-07,0.000893281,0.0805376
-1.218e-07,0.000893281,0.0805376
-1.216e-07,0.000893281,0.0963478
-1.214e-07,0.000893281,0.0963478
-1.212e-07,0.000893281,0.0963478
-1.21e-07,0.000893281,0.0963478
-1.208e-07,0.000893281,0.0963478
-1.206e-07,0.000102767,0.0963478
-1.204e-07,0.000102767,0.0963478
-1.202e-07,0.000102767,0.0963478
-1.2e-07,0.000893281,0.0963478
-1.198e-07,0.000893281,0.0963478
-1.196e-07,0.000893281,0.0963478
-1.194e-07,0.000893281,0.0963478
-1.192e-07,0.000893281,0.0963478
-1.19e-07,0.000893281,0.0963478
-1.188e-07,0.000102767,0.0963478
-1.186e-07,0.000102767,0.0963478
-1.184e-07,0.000102767,0.0963478
-1.182e-07,0.000102767,0.0963478
-1.18e-07,0.000102767,0.0963478
-1.178e-07,0.000893281,0.0963478
-1.176e-07,0.000893281,0.0963478
-1.174e-07,0.000893281,0.0963478
-1.172e-07,0.000893281,0.0963478
-1.17e-07,0.000893281,0.0963478
-1.168e-07,0.000893281,0.0963478
-1.166e-07,0.000102767,0.0963478
-1.164e-07,0.000102767,0.0963478
-1.162e-07,0.000102767,0.0963478
-1.16e-07,0.000893281,0.0963478
-1.158e-07,0.000893281,0.0963478
-1.156e-07,0.000893281,0.0963478
-1.154e-07,0.000893281,0.0963478
-1.152e-07,0.000102767,0.0963478
-1.15e-07,0.000102767,0.0963478
-1.148e-07,0.000102767,0.0963478
-1.146e-07,0.000102767,0.0963478
-1.144e-07,0.000102767,0.0805376
-1.142e-07,0.000102767,0.0805376
-1.14e-07,0.000102767,0.0805376
-1.138e-07,0.000102767,0.0963478
-1.136e-07,0.000102767,0.0963478
-1.134e-07,0.000893281,0.0963478
-1.132e-07,0.000893281,0.0963478
-1.13e-07,0.000893281,0.0963478
-1.128e-07,0.000893281,0.0963478
-1.126e-07,0.000893281,0.0963478
-1.124e-07,0.000893281,0.0963478
-1.122e-07,0.000893281,0.0963478
-1.12e-07,0.000102767,0.0805376
-1.118e-07,0.000893281,0.0805376
-1.116e-07,0.000893281,0.0805376
-1.114e-07,0.000893281,0.0963478
-1.112e-07,0.000893281,0.0963478
-1.11e-07,0.000102767,0.0963478
-1.108e-07,0.000102767,0.0963478
-1.106e-07,0.000102767,0.0963478
-1.104e-07,0.000102767,0.0963478
-1.102e-07,0.000102767,0.0963478
-1.1e-07,0.000102767,0.0963478
-1.098e-07,0.000893281,0.0963478
-1.096e-07,0.000893281,0.0963478
-1.094e-07,0.000893281,0.0963478
-1.092e-07,0.000102767,0.0963478
-1.09e-07,0.000102767,0.0963478
-1.088e-07,0.000893281,0.0963478
-1.086e-07,0.000893281,0.0963478
-1.084e-07,0.000893281,0.0963478
-1.082e-07,0.000893281,0.0963478
-1.08e-07,0.000893281,0.0963478
-1.078e-07,0.000893281,0.0963478
-1.076e-07,0.000893281,0.0963478
-1.074e-07,0.000893281,0.0805376
-1.072e-07,0.000893281,0.0805376
-1.07e-07,0.000893281,0.0805376
-1.068e-07,0.000893281,0.0805376
-1.066e-07,0.000893281,0.0805376
-1.064e-07,0.000893281,0.0805376
-1.062e-07,0.000893281,0.0805376
-1.06e-07,0.000893281,0.0805376
-1.058e-07,0.000893281,0.0805376
-1.056e-07,0.000893281,0.0805376
-1.054e-07,0.000893281,0.0805376
-1.052e-07,0.000893281,0.0805376
-1.05e-07,0.000893281,0.0805376
-1.048e-07,0.000893281,0.0805376
-1.046e-07,0.000893281,0.0805376
-1.044e-07,0.000102767,0.0805376
-1.042e-07,0.000102767,0.0963478
-1.04e-07,0.000102767,0.0963478
-1.038e-07,0.000102767,0.0963478
-1.036e-07,0.000102767,0.0963478
-1.034e-07,0.000102767,0.0805376
-1.032e-07,0.000102767,0.0805376
-1.03e-07,0.000102767,0.0805376
-1.028e-07,0.000102767,0.0963478
-1.026e-07,0.000102767,0.0963478
-1.024e-07,0.000102767,0.0963478
-1.022e-07,0.000102767,0.0963478
-1.02e-07,0.000893281,0.0963478
-1.018e-07,0.000893281,0.0963478
-1.016e-07,0.000893281,0.0963478
-1.014e-07,0.000893281,0.0963478
-1.012e-07,0.000893281,0.0963478
-1.01e-07,0.000893281,0.0963478
-1.008e-07,0.000102767,0.0963478
-1.006e-07,0.000102767,0.0963478
-1.004e-07,0.000893281,0.0963478
-1.002e-07,0.000893281,0.0963478
-1e-07,0.000893281,0.0963478
-9.98e-08,0.000893281,0.0963478
-9.96e-08,0.000893281,0.0963478
-9.94e-08,0.000893281,0.0963478
-9.92e-08,0.000893281,0.0963478
-9.9e-08,0.000102767,0.0963478
-9.88e-08,0.000102767,0.0963478
-9.86e-08,0.000102767,0.0963478
-9.84e-08,0.000102767,0.0963478
-9.82e-08,0.000102767,0.0805376
-9.8e-08,0.000102767,0.0805376
-9.78e-08,0.000102767,0.0805376
-9.76e-08,0.000102767,0.0805376
-9.74e-08,0.000102767,0.0805376
-9.72e-08,0.000102767,0.0805376
-9.7e-08,0.000102767,0.0805376
-9.68e-08,0.000102767,0.0805376
-9.66e-08,0.000102767,0.0963478
-9.64e-08,0.000893281,0.0963478
-9.62e-08,0.000893281,0.0963478
-9.6e-08,0.000893281,0.0963478
-9.58e-08,0.000893281,0.0963478
-9.56e-08,0.000893281,0.0963478
-9.54e-08,0.000893281,0.0963478
-9.52e-08,0.000893281,0.0805376
-9.5e-08,0.000893281,0.0805376
-9.48e-08,0.000102767,0.0805376
-9.46e-08,0.000102767,0.0805376
-9.44e-08,0.000102767,0.0963478
-9.42e-08,0.000102767,0.0963478
-9.4e-08,0.000102767,0.0963478
-9.38e-08,0.000102767,0.0963478
-9.36e-08,0.000102767,0.0963478
-9.34e-08,0.000102767,0.0963478
-9.32e-08,0.000102767,0.0963478
-9.3e-08,0.000102767,0.0805376
-9.28e-08,0.000102767,0.0963478
-9.26e-08,0.000102767,0.0963478
-9.24e-08,0.000102767,0.0963478
-9.22e-08,0.000893281,0.0963478
-9.2e-08,0.000893281,0.0963478
-9.18e-08,0.000893281,0.0963478
-9.16e-08,0.000893281,0.0963478
-9.14e-08,0.000893281,0.0963478
-9.12e-08,0.000102767,0.0963478
-9.1e-08,0.000102767,0.0805376
-9.08e-08,0.000102767,0.0805376
-9.06e-08,0.000102767,0.0805376
-9.04e-08,0.000102767,0.0805376
-9.02e-08,0.000102767,0.0805376
-9e-08,0.000102767,0.0805376
-8.98e-08,0.000102767,0.0805376
-8.96e-08,0.000102767,0.0805376
-8.94e-08,0.000102767,0.0963478
-8.92e-08,0.000102767,0.0963478
-8.9e-08,0.000102767,0.0963478
-8.88e-08,0.000893281,0.0963478
-8.86e-08,0.000102767,0.0963478
-8.84e-08,0.000102767,0.0963478
-8.82e-08,0.000102767,0.0963478
-8.8e-08,0.000102767,0.0963478
-8.78e-08,-0.000687747,0.0805376
-8.76e-08,-0.000687747,0.0805376
-8.74e-08,-0.000687747,0.0805376
-8.72e-08,0.000102767,0.0805376
-8.7e-08,0.000102767,0.0805376
-8.68e-08,0.000102767,0.0963478
-8.66e-08,0.000102767,0.0963478
-8.64e-08,0.000102767,0.0963478
-8.62e-08,0.000102767,0.0963478
-8.6e-08,0.000102767,0.0963478
-8.58e-08,0.000102767,0.0963478
-8.56e-08,0.000102767,0.0963478
-8.54e-08,0.000102767,0.0805376
-8.52e-08,0.000893281,0.0805376
-8.5e-08,0.000102767,0.0805376
-8.48e-08,0.000102767,0.0805376
-8.46e-08,0.000102767,0.0805376
-8.44e-08,0.000102767,0.0805376
-8.42e-08,0.000102767,0.0805376
-8.4e-08,0.000102767,0.0805376
-8.38e-08,0.000102767,0.0963478
-8.36e-08,0.000102767,0.0963478
-8.34e-08,0.000893281,0.0963478
-8.32e-08,0.000893281,0.0963478
-8.3e-08,0.000893281,0.0963478
-8.28e-08,0.000893281,0.0963478
-8.26e-08,0.000893281,0.0963478
-8.24e-08,0.000102767,0.0963478
-8.22e-08,0.000102767,0.0805376
-8.2e-08,0.000102767,0.0805376
-8.18e-08,0.000102767,0.0805376
-8.16e-08,0.000102767,0.0963478
-8.14e-08,0.000102767,0.0805376
-8.12e-08,0.000102767,0.0805376
-8.1e-08,0.000893281,0.0805376
-8.08e-08,0.000893281,0.0963478
-8.06e-08,0.000102767,0.0963478
-8.04e-08,0.000102767,0.0963478
-8.02e-08,0.000102767,0.0963478
-8e-08,0.000102767,0.0963478
-7.98e-08,0.000102767,0.0963478
-7.96e-08,0.000102767,0.0963478
-7.94e-08,0.000102767,0.0963478
-7.92e-08,0.000102767,0.0963478
-7.9e-08,0.000102767,0.0805376
-7.88e-08,0.000102767,0.0805376
-7.86e-08,0.000102767,0.0805376
-7.84e-08,0.000102767,0.0805376
-7.82e-08,0.000893281,0.0805376
-7.8e-08,0.000893281,0.0805376
-7.78e-08,0.000893281,0.0805376
-7.76e-08,0.000893281,0.0805376
-7.74e-08,0.000893281,0.0963478
-7.72e-08,0.000102767,0.0963478
-7.7e-08,0.000102767,0.0963478
-7.68e-08,0.000102767,0.0805376
-7.66e-08,0.000893281,0.0805376
-7.64e-08,0.000893281,0.0805376
-7.62e-08,0.000893281,0.0805376
-7.6e-08,0.000893281,0.0805376
-7.58e-08,0.000102767,0.0805376
-7.56e-08,0.000102767,0.0805376
-7.54e-08,0.000102767,0.0963478
-7.52e-08,0.000102767,0.0963478
-7.5e-08,0.000102767,0.0963478
-7.48e-08,0.000893281,0.0963478
-7.46e-08,0.000893281,0.0963478
-7.44e-08,0.000893281,0.0963478
-7.42e-08,0.000893281,0.0963478
-7.4e-08,0.000893281,0.0963478
-7.38e-08,0.000102767,0.0963478
-7.36e-08,0.000102767,0.0963478
-7.34e-08,0.000102767,0.0805376
-7.32e-08,0.000102767,0.0805376
-7.3e-08,0.000102767,0.0805376
-7.28e-08,0.000102767,0.0805376
-7.26e-08,0.000102767,0.0805376
-7.24e-08,0.000102767,0.0805376
-7.22e-08,0.000102767,0.0805376
-7.2e-08,0.000102767,0.0805376
-7.18e-08,0.000102767,0.0805376
-7.16e-08,0.000102767,0.0805376
-7.14e-08,0.000102767,0.0805376
-7.12e-08,0.000102767,0.0805376
-7.1e-08,0.000102767,0.0805376
-7.08e-08,0.000893281,0.0805376
-7.06e-08,0.000893281,0.0963478
-7.04e-08,0.000893281,0.0963478
-7.02e-08,0.000893281,0.0963478
-7e-08,0.000893281,0.0963478
-6.98e-08,0.000893281,0.0963478
-6.96e-08,0.000893281,0.0963478
-6.94e-08,0.000102767,0.0963478
-6.92e-08,0.000893281,0.0963478
-6.9e-08,0.000893281,0.0963478
-6.88e-08,0.000893281,0.0963478
-6.86e-08,0.000893281,0.0963478
-6.84e-08,0.000893281,0.0963478
-6.82e-08,0.000893281,0.0963478
-6.8e-08,0.000102767,0.0963478
-6.78e-08,0.000102767,0.0963478
-6.76e-08,0.000102767,0.0963478
-6.74e-08,0.000102767,0.0963478
-6.72e-08,0.000102767,0.0963478
-6.7e-08,0.000102767,0.0963478
-6.68e-08,0.000102767,0.0963478
-6.66e-08,0.000102767,0.0963478
-6.64e-08,0.000102767,0.0963478
-6.62e-08,0.000102767,0.0963478
-6.6e-08,0.000102767,0.0963478
-6.58e-08,0.000102767,0.0963478
-6.56e-08,0.000102767,0.0963478
-6.54e-08,0.000102767,0.0963478
-6.52e-08,0.000102767,0.0963478
-6.5e-08,0.000102767,0.0963478
-6.48e-08,0.000102767,0.0963478
-6.46e-08,0.000102767,0.0963478
-6.44e-08,0.000102767,0.0963478
-6.42e-08,0.000102767,0.0963478
-6.4e-08,0.000102767,0.0963478
-6.38e-08,0.000102767,0.0963478
-6.36e-08,0.000102767,0.0963478
-6.34e-08,0.000102767,0.0963478
-6.32e-08,0.000102767,0.0963478
-6.3e-08,0.000102767,0.0963478
-6.28e-08,0.000102767,0.0963478
-6.26e-08,0.000102767,0.0963478
-6.24e-08,0.000102767,0.0963478
-6.22e-08,0.000102767,0.0963478
-6.2e-08,0.000102767,0.0963478
-6.18e-08,0.000102767,0.0963478
-6.16e-08,0.000102767,0.0963478
-6.14e-08,0.000102767,0.0963478
-6.12e-08,0.000893281,0.0805376
-6.1e-08,0.000893281,0.0963478
-6.08e-08,0.000893281,0.0963478
-6.06e-08,0.000893281,0.0963478
-6.04e-08,0.000893281,0.0805376
-6.02e-08,0.000893281,0.0805376
-6e-08,0.000102767,0.0805376
-5.98e-08,0.000102767,0.0805376
-5.96e-08,0.000102767,0.0805376
-5.94e-08,0.000102767,0.0805376
-5.92e-08,0.000102767,0.0805376
-5.9e-08,0.000102767,0.0805376
-5.88e-08,0.000102767,0.0805376
-5.86e-08,-0.000687747,0.0805376
-5.84e-08,0.000102767,0.0963478
-5.82e-08,0.000102767,0.0805376
-5.8e-08,0.000102767,0.0805376
-5.78e-08,0.000102767,0.0805376
-5.76e-08,0.000102767,0.0805376
-5.74e-08,0.000102767,0.0805376
-5.72e-08,0.000102767,0.0805376
-5.7e-08,0.000102767,0.0805376
-5.68e-08,0.000102767,0.0805376
-5.66e-08,0.000102767,0.0805376
-5.64e-08,0.000102767,0.0805376
-5.62e-08,0.000102767,0.0805376
-5.6e-08,0.000102767,0.0805376
-5.58e-08,0.000102767,0.0805376
-5.56e-08,0.000102767,0.0805376
-5.54e-08,0.000102767,0.0805376
-5.52e-08,-0.000687747,0.0805376
-5.5e-08,-0.000687747,0.0805376
-5.48e-08,-0.000687747,0.0963478
-5.46e-08,0.000102767,0.0963478
-5.44e-08,0.000102767,0.0963478
-5.42e-08,0.000893281,0.0963478
-5.4e-08,0.000893281,0.0963478
-5.38e-08,0.000893281,0.0963478
-5.36e-08,0.000102767,0.0963478
-5.34e-08,0.000102767,0.0963478
-5.32e-08,0.000102767,0.0963478
-5.3e-08,0.000102767,0.0963478
-5.28e-08,0.000102767,0.0963478
-5.26e-08,0.000102767,0.0963478
-5.24e-08,0.000102767,0.0963478
-5.22e-08,0.000102767,0.0963478
-5.2e-08,0.000102767,0.0963478
-5.18e-08,0.000102767,0.0963478
-5.16e-08,0.000102767,0.0963478
-5.14e-08,0.000102767,0.0963478
-5.12e-08,0.000102767,0.0963478
-5.1e-08,0.000102767,0.0805376
-5.08e-08,0.000102767,0.0805376
-5.06e-08,0.000102767,0.0805376
-5.04e-08,0.000102767,0.0805376
-5.02e-08,0.000102767,0.0805376
-5e-08,0.000102767,0.0805376
-4.98e-08,0.000102767,0.0963478
-4.96e-08,0.000102767,0.0963478
-4.94e-08,0.000102767,0.0963478
-4.92e-08,0.000102767,0.0963478
-4.9e-08,0.000102767,0.0963478
-4.88e-08,0.000102767,0.0963478
-4.86e-08,0.000102767,0.0963478
-4.84e-08,0.000102767,0.0963478
-4.82e-08,0.000102767,0.0963478
-4.8e-08,0.000102767,0.0963478
-4.78e-08,0.000102767,0.112158
-4.76e-08,0.000102767,0.112158
-4.74e-08,0.000102767,0.0963478
-4.72e-08,0.000102767,0.0963478
-4.7e-08,0.000102767,0.0963478
-4.68e-08,0.000893281,0.0963478
-4.66e-08,0.000893281,0.0963478
-4.64e-08,0.000893281,0.0963478
-4.62e-08,0.000893281,0.0805376
-4.6e-08,0.000102767,0.0805376
-4.58e-08,0.000102767,0.0805376
-4.56e-08,0.000102767,0.0805376
-4.54e-08,0.000102767,0.0805376
-4.52e-08,0.000102767,0.0805376
-4.5e-08,0.000102767,0.0805376
-4.48e-08,0.000102767,0.0963478
-4.46e-08,0.000102767,0.0963478
-4.44e-08,0.000893281,0.0963478
-4.42e-08,0.000893281,0.0963478
-4.4e-08,0.000893281,0.0963478
-4.38e-08,0.000893281,0.0963478
-4.36e-08,0.000893281,0.0963478
-4.34e-08,0.000893281,0.0963478
-4.32e-08,0.000893281,0.0805376
-4.3e-08,0.000893281,0.0805376
-4.28e-08,0.000893281,0.0805376
-4.26e-08,0.000893281,0.0805376
-4.24e-08,0.000893281,0.0805376
-4.22e-08,0.000893281,0.0805376
-4.2e-08,0.000893281,0.0805376
-4.18e-08,0.000893281,0.0805376
-4.16e-08,0.000893281,0.0805376
-4.14e-08,0.000893281,0.0805376
-4.12e-08,0.000893281,0.0963478
-4.1e-08,0.000893281,0.0963478
-4.08e-08,0.000893281,0.0963478
-4.06e-08,0.000893281,0.0963478
-4.04e-08,0.000893281,0.0963478
-4.02e-08,0.000893281,0.0963478
-4e-08,0.000893281,0.0963478
-3.98e-08,0.000893281,0.0963478
-3.96e-08,0.000893281,0.0963478
-3.94e-08,0.000102767,0.0963478
-3.92e-08,0.000102767,0.0805376
-3.9e-08,0.000102767,0.0805376
-3.88e-08,0.000893281,0.0805376
-3.86e-08,0.000893281,0.0805376
-3.84e-08,0.000893281,0.0805376
-3.82e-08,0.000893281,0.0963478
-3.8e-08,0.000893281,0.0963478
-3.78e-08,0.000102767,0.0963478
-3.76e-08,0.000102767,0.0963478
-3.74e-08,0.000102767,0.0963478
-3.72e-08,0.000102767,0.0963478
-3.7e-08,0.000102767,0.0963478
-3.68e-08,0.000102767,0.0805376
-3.66e-08,0.000893281,0.0805376
-3.64e-08,0.000893281,0.0805376
-3.62e-08,0.000893281,0.0805376
-3.6e-08,0.000102767,0.0805376
-3.58e-08,0.000102767,0.0963478
-3.56e-08,0.000102767,0.0963478
-3.54e-08,0.000102767,0.0805376
-3.52e-08,0.000102767,0.0805376
-3.5e-08,0.000102767,0.0805376
-3.48e-08,0.000102767,0.0805376
-3.46e-08,0.000102767,0.0805376
-3.44e-08,0.000102767,0.0805376
-3.42e-08,0.000102767,0.0805376
-3.4e-08,0.000102767,0.0805376
-3.38e-08,0.000102767,0.0805376
-3.36e-08,0.000102767,0.0805376
-3.34e-08,0.000893281,0.0805376
-3.32e-08,0.000893281,0.0805376
-3.3e-08,0.000893281,0.0805376
-3.28e-08,0.000893281,0.0805376
-3.26e-08,0.000893281,0.0805376
-3.24e-08,0.000893281,0.0805376
-3.22e-08,0.000893281,0.0805376
-3.2e-08,0.000893281,0.0805376
-3.18e-08,0.000893281,0.0805376
-3.16e-08,0.000893281,0.0805376
-3.14e-08,0.000893281,0.0805376
-3.12e-08,0.000893281,0.0805376
-3.1e-08,0.000893281,0.0805376
-3.08e-08,0.000893281,0.0805376
-3.06e-08,0.000893281,0.0805376
-3.04e-08,0.000893281,0.0805376
-3.02e-08,0.000893281,0.0805376
-3e-08,0.000893281,0.0805376
-2.98e-08,0.000893281,0.0963478
-2.96e-08,0.000893281,0.0963478
-2.94e-08,0.000893281,0.0963478
-2.92e-08,0.000893281,0.0963478
-2.9e-08,0.000893281,0.0963478
-2.88e-08,0.000893281,0.0963478
-2.86e-08,0.000893281,0.0963478
-2.84e-08,0.000893281,0.0963478
-2.82e-08,0.000893281,0.0963478
-2.8e-08,0.000893281,0.0963478
-2.78e-08,0.000893281,0.0963478
-2.76e-08,0.000893281,0.0963478
-2.74e-08,0.000893281,0.0963478
-2.72e-08,0.000893281,0.0805376
-2.7e-08,0.000893281,0.0805376
-2.68e-08,0.000893281,0.0805376
-2.66e-08,0.000893281,0.0805376
-2.64e-08,0.000893281,0.0805376
-2.62e-08,0.000893281,0.0805376
-2.6e-08,0.000893281,0.0805376
-2.58e-08,0.000893281,0.0805376
-2.56e-08,0.000102767,0.0805376
-2.54e-08,0.000102767,0.0963478
-2.52e-08,0.000102767,0.0805376
-2.5e-08,0.000102767,0.0805376
-2.48e-08,0.000893281,0.0805376
-2.46e-08,0.000893281,0.0805376
-2.44e-08,0.000893281,0.0805376
-2.42e-08,0.000893281,0.0805376
-2.4e-08,0.000893281,0.0805376
-2.38e-08,0.000893281,0.0805376
-2.36e-08,0.000893281,0.0963478
-2.34e-08,0.000893281,0.0963478
-2.32e-08,0.000893281,0.0963478
-2.3e-08,0.000893281,0.0963478
-2.28e-08,0.000893281,0.0963478
-2.26e-08,0.000893281,0.0963478
-2.24e-08,0.000893281,0.0963478
-2.22e-08,0.000893281,0.0963478
-2.2e-08,0.000893281,0.0963478
-2.18e-08,0.000102767,0.0805376
-2.16e-08,0.000102767,0.0805376
-2.14e-08,0.000102767,0.0805376
-2.12e-08,0.000102767,0.0963478
-2.1e-08,0.000102767,0.0963478
-2.08e-08,0.000102767,0.0963478
-2.06e-08,0.000102767,0.0805376
-2.04e-08,0.000893281,0.0805376
-2.02e-08,0.000893281,0.0805376
-2e-08,0.000893281,0.0963478
-1.98e-08,0.000102767,0.0963478
-1.96e-08,0.000102767,0.0963478
-1.94e-08,0.000102767,0.0963478
-1.92e-08,0.000102767,0.0805376
-1.9e-08,0.000102767,0.0805376
-1.88e-08,0.000102767,0.0805376
-1.86e-08,0.000102767,0.0805376
-1.84e-08,0.000102767,0.0805376
-1.82e-08,0.000102767,0.0805376
-1.8e-08,0.000102767,0.0805376
-1.78e-08,0.000102767,0.0805376
-1.76e-08,0.000102767,0.0805376
-1.74e-08,0.000102767,0.0805376
-1.72e-08,0.000893281,0.0805376
-1.7e-08,0.000893281,0.0805376
-1.68e-08,0.000893281,0.0805376
-1.66e-08,0.000893281,0.0805376
-1.64e-08,0.000893281,0.0805376
-1.62e-08,0.000893281,0.0805376
-1.6e-08,0.000893281,0.0805376
-1.58e-08,0.000893281,0.0805376
-1.56e-08,0.000893281,0.0805376
-1.54e-08,0.000893281,0.0805376
-1.52e-08,0.00168379,0.0805376
-1.5e-08,0.00168379,0.0805376
-1.48e-08,0.00247431,0.0805376
-1.46e-08,0.00247431,0.0805376
-1.44e-08,0.00326482,0.0805376
-1.42e-08,0.00326482,0.0963478
-1.4e-08,0.00405534,0.0963478
-1.38e-08,0.00405534,0.0963478
-1.36e-08,0.00484585,0.0963478
-1.34e-08,0.00563636,0.0963478
-1.32e-08,0.00642688,0.0963478
-1.3e-08,0.00721739,0.0963478
-1.28e-08,0.00800791,0.0963478
-1.26e-08,0.00879842,0.0963478
-1.24e-08,0.00958893,0.0963478
-1.22e-08,0.0103794,0.0963478
-1.2e-08,0.01117,0.0963478
-1.18e-08,0.0119605,0.0963478
-1.16e-08,0.012751,0.0963478
-1.14e-08,0.0135415,0.0963478
-1.12e-08,0.014332,0.0963478
-1.1e-08,0.0151225,0.0963478
-1.08e-08,0.015913,0.0963478
-1.06e-08,0.0174941,0.0805376
-1.04e-08,0.0182846,0.0805376
-1.02e-08,0.0198656,0.0805376
-1e-08,0.0206561,0.0963478
-9.8e-09,0.0214466,0.0963478
-9.6e-09,0.0230277,0.0963478
-9.4e-09,0.0238182,0.0963478
-9.2e-09,0.0246087,0.0963478
-9e-09,0.0253992,0.0963478
-8.8e-09,0.0269802,0.0805376
-8.6e-09,0.0277708,0.0805376
-8.4e-09,0.0285613,0.0805376
-8.2e-09,0.0293518,0.0805376
-8e-09,0.0301423,0.0805376
-7.8e-09,0.0309328,0.0805376
-7.6e-09,0.0325138,0.0805376
-7.4e-09,0.0333043,0.0963478
-7.2e-09,0.0340949,0.0963478
-7e-09,0.0348854,0.0963478
-6.8e-09,0.0356759,0.0963478
-6.6e-09,0.0364664,0.0963478
-6.4e-09,0.0372569,0.0805376
-6.2e-09,0.0388379,0.0805376
-6e-09,0.0396285,0.0805376
-5.8e-09,0.040419,0.0805376
-5.6e-09,0.0412095,0.0805376
-5.4e-09,0.042,0.0805376
-5.2e-09,0.0427905,0.0963478
-5e-09,0.0427905,0.0963478
-4.8e-09,0.043581,0.0963478
-4.6e-09,0.0443715,0.0963478
-4.4e-09,0.0451621,0.0963478
-4.2e-09,0.0459526,0.0805376
-4e-09,0.0467431,0.0805376
-3.8e-09,0.0475336,0.0805376
-3.6e-09,0.0483241,0.0805376
-3.4e-09,0.0483241,0.0963478
-3.2e-09,0.0491146,0.0963478
-3e-09,0.0499051,0.0963478
-2.8e-09,0.0499051,0.0963478
-2.6e-09,0.0506957,0.0963478
-2.4e-09,0.0506957,0.0963478
-2.2e-09,0.0514862,0.0963478
-2e-09,0.0522767,0.0963478
-1.8e-09,0.0522767,0.0963478
-1.6e-09,0.0530672,0.0963478
-1.4e-09,0.0530672,0.0963478
-1.2e-09,0.0538577,0.0963478
-1e-09,0.0546482,0.0963478
-8e-10,0.0554387,0.0963478
-6e-10,0.0562292,0.0963478
-4e-10,0.0570198,0.0963478
-2e-10,0.0578103,0.0963478
0,0.0586008,0.0963478
2e-10,0.0593913,0.0963478
4e-10,0.0601818,0.0963478
6e-10,0.0609723,0.0963478
8e-10,0.0617628,0.0963478
1e-09,0.0625534,0.0963478
1.2e-09,0.0633439,0.0963478
1.4e-09,0.0641344,0.0963478
1.6e-09,0.0649249,0.0963478
1.8e-09,0.0665059,0.0963478
2e-09,0.0672964,0.112158
2.2e-09,0.068087,0.112158
2.4e-09,0.0688775,0.112158
2.6e-09,0.069668,0.112158
2.8e-09,0.0704585,0.112158
3e-09,0.0720395,0.112158
3.2e-09,0.07283,0.112158
3.4e-09,0.0736206,0.112158
3.6e-09,0.0752016,0.112158
3.8e-09,0.0759921,0.127968
4e-09,0.0775731,0.127968
4.2e-09,0.0783636,0.127968
4.4e-09,0.0791541,0.143779
4.6e-09,0.0799447,0.143779
4.8e-09,0.0807352,0.143779
5e-09,0.0815257,0.143779
5.2e-09,0.0823162,0.159589
5.4e-09,0.0831067,0.159589
5.6e-09,0.0838972,0.159589
5.8e-09,0.0846877,0.159589
6e-09,0.0862688,0.159589
6.2e-09,0.0870593,0.175399
6.4e-09,0.0878498,0.175399
6.6e-09,0.0878498,0.175399
6.8e-09,0.0886403,0.191209
7e-09,0.0894308,0.191209
7.2e-09,0.0894308,0.20702
7.4e-09,0.0902213,0.20702
7.6e-09,0.0910119,0.20702
7.8e-09,0.0910119,0.20702
8e-09,0.0918024,0.22283
8.2e-09,0.0925929,0.22283
8.4e-09,0.0925929,0.22283
8.6e-09,0.0933834,0.22283
8.8e-09,0.0933834,0.23864
9e-09,0.0933834,0.23864
9.2e-09,0.0933834,0.254451
9.4e-09,0.0941739,0.270261
9.6e-09,0.0941739,0.270261
9.8e-09,0.0949644,0.286071
1e-08,0.0949644,0.286071
1.02e-08,0.0949644,0.286071
1.04e-08,0.0949644,0.301881
1.06e-08,0.0957549,0.301881
1.08e-08,0.0957549,0.301881
1.1e-08,0.0957549,0.317692
1.12e-08,0.0957549,0.317692
1.14e-08,0.0957549,0.333502
1.16e-08,0.0957549,0.333502
1.18e-08,0.0957549,0.333502
1.2e-08,0.0949644,0.349312
1.22e-08,0.0949644,0.365123
1.24e-08,0.0949644,0.365123
1.26e-08,0.0949644,0.380933
1.28e-08,0.0949644,0.396743
1.3e-08,0.0949644,0.396743
1.32e-08,0.0949644,0.412553
1.34e-08,0.0949644,0.412553
1.36e-08,0.0949644,0.412553
1.38e-08,0.0949644,0.428364
1.4e-08,0.0949644,0.428364
1.42e-08,0.0949644,0.444174
1.44e-08,0.0949644,0.444174
1.46e-08,0.0949644,0.459984
1.48e-08,0.0949644,0.459984
1.5e-08,0.0949644,0.475794
1.52e-08,0.0957549,0.475794
1.54e-08,0.0957549,0.491605
1.56e-08,0.0957549,0.491605
1.58e-08,0.0957549,0.507415
1.6e-08,0.0957549,0.507415
1.62e-08,0.0957549,0.523225
1.64e-08,0.0957549,0.523225
1.66e-08,0.0957549,0.539036
1.68e-08,0.0965455,0.539036
1.7e-08,0.0965455,0.554846
1.72e-08,0.0957549,0.554846
1.74e-08,0.0957549,0.554846
1.76e-08,0.0957549,0.570656
1.78e-08,0.0957549,0.570656
1.8e-08,0.0957549,0.586466
1.82e-08,0.0957549,0.586466
1.84e-08,0.0957549,0.602277
1.86e-08,0.0957549,0.602277
1.88e-08,0.0965455,0.602277
1.9e-08,0.0965455,0.618087
1.92e-08,0.0965455,0.618087
1.94e-08,0.0965455,0.633897
1.96e-08,0.0965455,0.649707
1.98e-08,0.0965455,0.649707
2e-08,0.0965455,0.665518
2.02e-08,0.0965455,0.665518
2.04e-08,0.0965455,0.681328
2.06e-08,0.0965455,0.681328
2.08e-08,0.0965455,0.697138
2.1e-08,0.0965455,0.712949
2.12e-08,0.0965455,0.712949
2.14e-08,0.0965455,0.728759
2.16e-08,0.097336,0.744569
2.18e-08,0.097336,0.744569
2.2e-08,0.0981265,0.760379
2.22e-08,0.0981265,0.760379
2.24e-08,0.0981265,0.77619
2.26e-08,0.0981265,0.77619
2.28e-08,0.0981265,0.792
2.3e-08,0.0981265,0.80781
2.32e-08,0.0981265,0.80781
2.34e-08,0.098917,0.80781
2.36e-08,0.098917,0.80781
2.38e-08,0.098917,0.80781
2.4e-08,0.0981265,0.823621
2.42e-08,0.0981265,0.823621
2.44e-08,0.0981265,0.839431
2.46e-08,0.0981265,0.855241
2.48e-08,0.0981265,0.855241
2.5e-08,0.0981265,0.871051
2.52e-08,0.0981265,0.886862
2.54e-08,0.098917,0.902672
2.56e-08,0.098917,0.902672
2.58e-08,0.098917,0.918482
2.6e-08,0.098917,0.918482
2.62e-08,0.098917,0.934292
2.64e-08,0.098917,0.934292
2.66e-08,0.098917,0.950103
2.68e-08,0.098917,0.950103
2.7e-08,0.098917,0.965913
2.72e-08,0.098917,0.965913
2.74e-08,0.098917,0.981723
2.76e-08,0.098917,0.981723
2.78e-08,0.098917,0.997534
2.8e-08,0.098917,1.01334
2.82e-08,0.098917,1.02915
2.84e-08,0.098917,1.02915
2.86e-08,0.098917,1.04496
2.88e-08,0.098917,1.04496
2.9e-08,0.098917,1.04496
2.92e-08,0.098917,1.06077
2.94e-08,0.0997075,1.06077
2.96e-08,0.0997075,1.07658
2.98e-08,0.0997075,1.0924
3e-08,0.098917,1.10821
3.02e-08,0.098917,1.10821
3.04e-08,0.098917,1.12402
3.06e-08,0.098917,1.12402
3.08e-08,0.098917,1.13983
3.1e-08,0.098917,1.13983
3.12e-08,0.098917,1.15564
3.14e-08,0.098917,1.15564
3.16e-08,0.098917,1.17145
3.18e-08,0.098917,1.18726
3.2e-08,0.098917,1.18726
3.22e-08,0.098917,1.20307
3.24e-08,0.098917,1.20307
3.26e-08,0.098917,1.21888
3.28e-08,0.098917,1.23469
3.3e-08,0.098917,1.23469
3.32e-08,0.098917,1.2505
3.34e-08,0.098917,1.2505
3.36e-08,0.098917,1.2505
3.38e-08,0.098917,1.26631
3.4e-08,0.0997075,1.28212
3.42e-08,0.0997075,1.28212
3.44e-08,0.0997075,1.29793
3.46e-08,0.098917,1.31374
3.48e-08,0.098917,1.31374
3.5e-08,0.098917,1.32955
3.52e-08,0.098917,1.32955
3.54e-08,0.098917,1.34536
3.56e-08,0.0997075,1.34536
3.58e-08,0.0997075,1.36117
3.6e-08,0.0997075,1.36117
3.62e-08,0.098917,1.36117
3.64e-08,0.098917,1.37698
3.66e-08,0.098917,1.37698
3.68e-08,0.098917,1.39279
3.7e-08,0.098917,1.39279
3.72e-08,0.098917,1.4086
3.74e-08,0.098917,1.42441
3.76e-08,0.098917,1.42441
3.78e-08,0.098917,1.42441
3.8e-08,0.098917,1.44022
3.82e-08,0.098917,1.44022
3.84e-08,0.098917,1.44022
3.86e-08,0.098917,1.45603
3.88e-08,0.098917,1.45603
3.9e-08,0.098917,1.47184
3.92e-08,0.098917,1.47184
3.94e-08,0.098917,1.47184
3.96e-08,0.098917,1.48765
3.98e-08,0.098917,1.48765
4e-08,0.098917,1.50346
4.02e-08,0.098917,1.50346
4.04e-08,0.098917,1.51927
4.06e-08,0.098917,1.53508
4.08e-08,0.098917,1.53508
4.1e-08,0.098917,1.53508
4.12e-08,0.098917,1.55089
4.14e-08,0.0997075,1.55089
4.16e-08,0.098917,1.55089
4.18e-08,0.098917,1.5667
4.2e-08,0.098917,1.5667
4.22e-08,0.098917,1.58251
4.24e-08,0.098917,1.58251
4.26e-08,0.098917,1.58251
4.28e-08,0.098917,1.59832
4.3e-08,0.098917,1.59832
4.32e-08,0.0997075,1.61413
4.34e-08,0.0997075,1.62994
4.36e-08,0.0997075,1.62994
4.38e-08,0.0997075,1.62994
4.4e-08,0.0997075,1.64575
4.42e-08,0.0997075,1.64575
4.44e-08,0.0997075,1.64575
4.46e-08,0.0997075,1.64575
4.48e-08,0.0997075,1.66157
4.5e-08,0.0997075,1.66157
4.52e-08,0.0997075,1.67738
4.54e-08,0.0997075,1.67738
4.56e-08,0.0997075,1.67738
4.58e-08,0.0997075,1.69319
4.6e-08,0.0997075,1.69319
4.62e-08,0.0997075,1.709
4.64e-08,0.0997075,1.709
4.66e-08,0.0997075,1.709
4.68e-08,0.098917,1.72481
4.7e-08,0.098917,1.72481
4.72e-08,0.098917,1.72481
4.74e-08,0.098917,1.72481
4.76e-08,0.098917,1.74062
4.78e-08,0.098917,1.74062
4.8e-08,0.098917,1.75643
4.82e-08,0.098917,1.75643
4.84e-08,0.098917,1.75643
4.86e-08,0.098917,1.75643
4.88e-08,0.098917,1.77224
4.9e-08,0.098917,1.77224
4.92e-08,0.098917,1.78805
4.94e-08,0.098917,1.78805
4.96e-08,0.098917,1.80386
4.98e-08,0.098917,1.80386
5e-08,0.098917,1.80386
5.02e-08,0.098917,1.80386
5.04e-08,0.098917,1.80386
5.06e-08,0.098917,1.80386
5.08e-08,0.098917,1.81967
5.1e-08,0.098917,1.81967
5.12e-08,0.098917,1.81967
5.14e-08,0.098917,1.83548
5.16e-08,0.098917,1.83548
5.18e-08,0.098917,1.83548
5.2e-08,0.098917,1.83548
5.22e-08,0.098917,1.85129
5.24e-08,0.098917,1.85129
5.26e-08,0.098917,1.85129
5.28e-08,0.098917,1.8671
5.3e-08,0.098917,1.8671
5.32e-08,0.098917,1.8671
5.34e-08,0.098917,1.8671
5.36e-08,0.0981265,1.88291
5.38e-08,0.098917,1.88291
5.4e-08,0.098917,1.88291
5.42e-08,0.098917,1.89872
5.44e-08,0.098917,1.89872
5.46e-08,0.098917,1.89872
5.48e-08,0.098917,1.91453
5.5e-08,0.098917,1.91453
5.52e-08,0.098917,1.91453
5.54e-08,0.098917,1.91453
5.56e-08,0.098917,1.93034
5.58e-08,0.0997075,1.93034
5.6e-08,0.0997075,1.93034
5.62e-08,0.0997075,1.93034
5.64e-08,0.0997075,1.94615
5.66e-08,0.0997075,1.94615
5.68e-08,0.0997075,1.94615
5.7e-08,0.098917,1.94615
5.72e-08,0.098917,1.94615
5.74e-08,0.098917,1.94615
5.76e-08,0.098917,1.96196
5.78e-08,0.098917,1.96196
5.8e-08,0.0997075,1.96196
5.82e-08,0.0997075,1.97777
5.84e-08,0.0997075,1.97777
5.86e-08,0.0997075,1.99358
5.88e-08,0.0997075,1.99358
5.9e-08,0.0997075,1.99358
5.92e-08,0.0997075,1.99358
5.94e-08,0.0997075,1.99358
5.96e-08,0.0997075,1.99358
5.98e-08,0.0997075,2.00939
6e-08,0.0997075,2.00939
6.02e-08,0.0997075,2.00939
6.04e-08,0.0997075,2.00939
6.06e-08,0.0997075,2.00939
6.08e-08,0.0997075,2.00939
6.1e-08,0.0997075,2.00939
6.12e-08,0.0997075,2.00939
6.14e-08,0.0997075,2.0252
6.16e-08,0.0997075,2.0252
6.18e-08,0.0997075,2.0252
6.2e-08,0.0997075,2.0252
6.22e-08,0.0997075,2.0252
6.24e-08,0.0997075,2.04101
6.26e-08,0.0997075,2.04101
6.28e-08,0.0997075,2.04101
6.3e-08,0.0997075,2.05682
6.32e-08,0.0997075,2.05682
6.34e-08,0.098917,2.05682
6.36e-08,0.098917,2.05682
6.38e-08,0.098917,2.05682
6.4e-08,0.098917,2.05682
6.42e-08,0.0997075,2.05682
6.44e-08,0.0997075,2.05682
6.46e-08,0.0997075,2.05682
6.48e-08,0.0997075,2.05682
6.5e-08,0.0997075,2.05682
6.52e-08,0.0997075,2.05682
6.54e-08,0.0997075,2.05682
6.56e-08,0.0997075,2.05682
6.58e-08,0.098917,2.05682
6.6e-08,0.098917,2.07263
6.62e-08,0.098917,2.07263
6.64e-08,0.098917,2.07263
6.66e-08,0.0997075,2.07263
6.68e-08,0.0997075,2.07263
6.7e-08,0.0997075,2.08844
6.72e-08,0.0997075,2.08844
6.74e-08,0.0997075,2.08844
6.76e-08,0.0997075,2.08844
6.78e-08,0.0997075,2.08844
6.8e-08,0.0997075,2.08844
6.82e-08,0.0997075,2.08844
6.84e-08,0.0997075,2.08844
6.86e-08,0.0997075,2.10425
6.88e-08,0.0997075,2.10425
6.9e-08,0.0997075,2.10425
6.92e-08,0.0997075,2.10425
6.94e-08,0.0997075,2.10425
6.96e-08,0.0997075,2.10425
6.98e-08,0.0997075,2.10425
7e-08,0.0997075,2.10425
7.02e-08,0.0997075,2.10425
7.04e-08,0.0997075,2.10425
7.06e-08,0.0997075,2.10425
7.08e-08,0.0997075,2.10425
7.1e-08,0.0997075,2.10425
7.12e-08,0.0997075,2.10425
7.14e-08,0.0997075,2.12006
7.16e-08,0.098917,2.12006
7.18e-08,0.098917,2.12006
7.2e-08,0.0997075,2.12006
7.22e-08,0.0997075,2.12006
7.24e-08,0.0997075,2.12006
7.26e-08,0.0997075,2.12006
7.28e-08,0.098917,2.12006
7.3e-08,0.098917,2.12006
7.32e-08,0.098917,2.12006
7.34e-08,0.098917,2.12006
7.36e-08,0.098917,2.12006
7.38e-08,0.098917,2.12006
7.4e-08,0.0997075,2.12006
7.42e-08,0.0997075,2.12006
7.44e-08,0.0997075,2.12006
7.46e-08,0.0997075,2.12006
7.48e-08,0.0997075,2.12006
7.5e-08,0.098917,2.13587
7.52e-08,0.098917,2.13587
7.54e-08,0.098917,2.13587
7.56e-08,0.0997075,2.13587
7.58e-08,0.0997075,2.13587
7.6e-08,0.0997075,2.13587
7.62e-08,0.0997075,2.13587
7.64e-08,0.0997075,2.13587
7.66e-08,0.0997075,2.13587
7.68e-08,0.0997075,2.13587
7.7e-08,0.0997075,2.13587
7.72e-08,0.0997075,2.13587
7.74e-08,0.0997075,2.13587
7.76e-08,0.0997075,2.13587
7.78e-08,0.0997075,2.13587
7.8e-08,0.0997075,2.13587
7.82e-08,0.0997075,2.13587
7.84e-08,0.0997075,2.13587
7.86e-08,0.0997075,2.13587
7.88e-08,0.0997075,2.13587
7.9e-08,0.0997075,2.13587
7.92e-08,0.0997075,2.13587
7.94e-08,0.0997075,2.13587
7.96e-08,0.0997075,2.13587
7.98e-08,0.0997075,2.13587
8e-08,0.0997075,2.13587
8.02e-08,0.0997075,2.13587
8.04e-08,0.0997075,2.13587
8.06e-08,0.098917,2.13587
8.08e-08,0.098917,2.13587
8.1e-08,0.098917,2.13587
8.12e-08,0.098917,2.13587
8.14e-08,0.098917,2.13587
8.16e-08,0.098917,2.13587
8.18e-08,0.098917,2.13587
8.2e-08,0.098917,2.13587
8.22e-08,0.0997075,2.13587
8.24e-08,0.0997075,2.13587
8.26e-08,0.0997075,2.13587
8.28e-08,0.0997075,2.13587
8.3e-08,0.0997075,2.13587
8.32e-08,0.0997075,2.13587
8.34e-08,0.098917,2.13587
8.36e-08,0.098917,2.13587
8.38e-08,0.098917,2.13587
8.4e-08,0.098917,2.13587
8.42e-08,0.098917,2.13587
8.44e-08,0.098917,2.13587
8.46e-08,0.098917,2.12006
8.48e-08,0.098917,2.12006
8.5e-08,0.098917,2.12006
8.52e-08,0.098917,2.12006
8.54e-08,0.098917,2.13587
8.56e-08,0.098917,2.13587
8.58e-08,0.098917,2.13587
8.6e-08,0.098917,2.13587
8.62e-08,0.098917,2.13587
8.64e-08,0.098917,2.13587
8.66e-08,0.098917,2.13587
8.68e-08,0.098917,2.13587
8.7e-08,0.098917,2.12006
8.72e-08,0.098917,2.12006
8.74e-08,0.098917,2.12006
8.76e-08,0.098917,2.12006
8.78e-08,0.098917,2.12006
8.8e-08,0.098917,2.12006
8.82e-08,0.098917,2.12006
8.84e-08,0.098917,2.12006
8.86e-08,0.098917,2.12006
8.88e-08,0.0997075,2.12006
8.9e-08,0.0997075,2.10425
8.92e-08,0.0997075,2.10425
8.94e-08,0.0997075,2.12006
8.96e-08,0.0997075,2.12006
8.98e-08,0.0997075,2.12006
9e-08,0.0997075,2.12006
9.02e-08,0.0997075,2.12006
9.04e-08,0.0997075,2.12006
9.06e-08,0.0997075,2.12006
9.08e-08,0.098917,2.12006
9.1e-08,0.098917,2.12006
9.12e-08,0.098917,2.12006
9.14e-08,0.0997075,2.12006
9.16e-08,0.0997075,2.10425
9.18e-08,0.0997075,2.10425
9.2e-08,0.0997075,2.10425
9.22e-08,0.0997075,2.10425
9.24e-08,0.0997075,2.10425
9.26e-08,0.0997075,2.10425
9.28e-08,0.0997075,2.10425
9.3e-08,0.0997075,2.10425
9.32e-08,0.0997075,2.10425
9.34e-08,0.0997075,2.10425
9.36e-08,0.0997075,2.08844
9.38e-08,0.0997075,2.08844
9.4e-08,0.098917,2.08844
9.42e-08,0.0997075,2.08844
9.44e-08,0.0997075,2.08844
9.46e-08,0.0997075,2.08844
9.48e-08,0.0997075,2.08844
9.5e-08,0.0997075,2.08844
9.52e-08,0.0997075,2.08844
9.54e-08,0.0997075,2.08844
9.56e-08,0.098917,2.08844
9.58e-08,0.098917,2.08844
9.6e-08,0.098917,2.08844
9.62e-08,0.0997075,2.08844
9.64e-08,0.0997075,2.08844
9.66e-08,0.0997075,2.08844
9.68e-08,0.0997075,2.08844
9.7e-08,0.0997075,2.08844
9.72e-08,0.0997075,2.08844
9.74e-08,0.0997075,2.08844
9.76e-08,0.0997075,2.07263
9.78e-08,0.0997075,2.07263
9.8e-08,0.098917,2.07263
9.82e-08,0.098917,2.08844
9.84e-08,0.098917,2.08844
9.86e-08,0.098917,2.08844
9.88e-08,0.098917,2.08844
9.9e-08,0.098917,2.08844
9.92e-08,0.098917,2.08844
9.94e-08,0.0997075,2.07263
9.96e-08,0.0997075,2.07263
9.98e-08,0.0997075,2.07263
1e-07,0.100498,2.07263
1.002e-07,0.0997075,2.07263
1.004e-07,0.0997075,2.07263
1.006e-07,0.0997075,2.07263
1.008e-07,0.0997075,2.07263
1.01e-07,0.0997075,2.07263
1.012e-07,0.0997075,2.07263
1.014e-07,0.0997075,2.07263
1.016e-07,0.0997075,2.05682
1.018e-07,0.0997075,2.05682
1.02e-07,0.0997075,2.05682
1.022e-07,0.0997075,2.05682
1.024e-07,0.0997075,2.05682
1.026e-07,0.0997075,2.05682
1.028e-07,0.0997075,2.05682
1.03e-07,0.0997075,2.05682
1.032e-07,0.0997075,2.05682
1.034e-07,0.0997075,2.04101
1.036e-07,0.0997075,2.05682
1.038e-07,0.0997075,2.05682
1.04e-07,0.0997075,2.05682
1.042e-07,0.0997075,2.05682
1.044e-07,0.0997075,2.05682
1.046e-07,0.0997075,2.04101
1.048e-07,0.0997075,2.04101
1.05e-07,0.0997075,2.04101
1.052e-07,0.0997075,2.05682
1.054e-07,0.098917,2.05682
1.056e-07,0.098917,2.05682
1.058e-07,0.098917,2.05682
1.06e-07,0.0997075,2.04101
1.062e-07,0.0997075,2.04101
1.064e-07,0.0997075,2.04101
1.066e-07,0.0997075,2.04101
1.068e-07,0.0997075,2.04101
1.07e-07,0.0997075,2.04101
1.072e-07,0.0997075,2.04101
1.074e-07,0.0997075,2.0252
1.076e-07,0.0997075,2.0252
1.078e-07,0.0997075,2.0252
1.08e-07,0.0997075,2.0252
1.082e-07,0.0997075,2.0252
1.084e-07,0.0997075,2.0252
1.086e-07,0.0997075,2.0252
1.088e-07,0.0997075,2.0252
1.09e-07,0.0997075,2.0252
1.092e-07,0.0997075,2.0252
1.094e-07,0.0997075,2.0252
1.096e-07,0.0997075,2.0252
1.098e-07,0.0997075,2.0252
1.1e-07,0.0997075,2.0252
1.102e-07,0.0997075,2.0252
1.104e-07,0.0997075,2.0252
1.106e-07,0.0997075,2.0252
1.108e-07,0.0997075,2.0252
1.11e-07,0.0997075,2.0252
1.112e-07,0.0997075,2.0252
1.114e-07,0.0997075,2.0252
1.116e-07,0.098917,2.0252
1.118e-07,0.098917,2.0252
1.12e-07,0.098917,2.0252
1.122e-07,0.098917,2.0252
1.124e-07,0.098917,2.0252
1.126e-07,0.098917,2.0252
1.128e-07,0.098917,2.00939
1.13e-07,0.098917,2.00939
1.132e-07,0.098917,2.00939
1.134e-07,0.098917,2.0252
1.136e-07,0.098917,2.00939
1.138e-07,0.098917,2.00939
1.14e-07,0.098917,2.00939
1.142e-07,0.0997075,2.00939
1.144e-07,0.0997075,2.00939
1.146e-07,0.0997075,2.00939
1.148e-07,0.0997075,2.00939
1.15e-07,0.098917,2.00939
1.152e-07,0.0997075,2.00939
1.154e-07,0.0997075,2.00939
1.156e-07,0.0997075,2.00939
1.158e-07,0.0997075,2.00939
1.16e-07,0.0997075,2.00939
1.162e-07,0.0997075,1.99358
1.164e-07,0.0997075,1.99358
1.166e-07,0.0997075,1.99358
1.168e-07,0.0997075,1.99358
1.17e-07,0.0997075,1.99358
1.172e-07,0.0997075,1.99358
1.174e-07,0.0997075,1.99358
1.176e-07,0.0997075,1.99358
1.178e-07,0.0997075,1.97777
1.18e-07,0.0997075,1.97777
1.182e-07,0.0997075,1.97777
1.184e-07,0.0997075,1.97777
1.186e-07,0.0997075,1.97777
1.188e-07,0.0997075,1.97777
1.19e-07,0.0997075,1.99358
1.192e-07,0.0997075,1.99358
1.194e-07,0.0997075,1.99358
1.196e-07,0.0997075,1.99358
1.198e-07,0.0997075,1.99358
1.2e-07,0.0997075,1.99358
1.202e-07,0.0997075,1.99358
1.204e-07,0.0997075,1.99358
1.206e-07,0.098917,1.97777
1.208e-07,0.098917,1.97777
1.21e-07,0.098917,1.96196
1.212e-07,0.098917,1.96196
1.214e-07,0.098917,1.96196
1.216e-07,0.098917,1.96196
1.218e-07,0.098917,1.96196
1.22e-07,0.098917,1.96196
1.222e-07,0.098917,1.97777
1.224e-07,0.0997075,1.97777
1.226e-07,0.0997075,1.97777
1.228e-07,0.0997075,1.96196
1.23e-07,0.0997075,1.96196
1.232e-07,0.0997075,1.96196
1.234e-07,0.0997075,1.96196
1.236e-07,0.0997075,1.96196
1.238e-07,0.0997075,1.96196
1.24e-07,0.0997075,1.96196
1.242e-07,0.0997075,1.96196
1.244e-07,0.0997075,1.96196
1.246e-07,0.0997075,1.94615
1.248e-07,0.0997075,1.94615
1.25e-07,0.0997075,1.94615
1.252e-07,0.0997075,1.94615
1.254e-07,0.0997075,1.94615
1.256e-07,0.0997075,1.94615
1.258e-07,0.0997075,1.94615
1.26e-07,0.0997075,1.94615
1.262e-07,0.0997075,1.94615
1.264e-07,0.0997075,1.94615
1.266e-07,0.0997075,1.96196
1.268e-07,0.0997075,1.96196
1.27e-07,0.0997075,1.96196
1.272e-07,0.0997075,1.96196
1.274e-07,0.0997075,1.96196
1.276e-07,0.0997075,1.96196
1.278e-07,0.0997075,1.96196
1.28e-07,0.0997075,1.96196
1.282e-07,0.0997075,1.96196
1.284e-07,0.0997075,1.96196
1.286e-07,0.0997075,1.96196
1.288e-07,0.100498,1.96196
1.29e-07,0.100498,1.94615
1.292e-07,0.100498,1.94615
1.294e-07,0.0997075,1.94615
1.296e-07,0.0997075,1.94615
1.298e-07,0.0997075,1.94615
1.3e-07,0.0997075,1.94615
1.302e-07,0.0997075,1.94615
1.304e-07,0.0997075,1.94615
1.306e-07,0.0997075,1.93034
1.308e-07,0.0997075,1.93034
1.31e-07,0.0997075,1.93034
1.312e-07,0.0997075,1.93034
1.314e-07,0.0997075,1.93034
1.316e-07,0.0997075,1.93034
1.318e-07,0.0997075,1.94615
1.32e-07,0.0997075,1.94615
1.322e-07,0.0997075,1.94615
1.324e-07,0.0997075,1.94615
1.326e-07,0.0997075,1.94615
1.328e-07,0.0997075,1.94615
1.33e-07,0.0997075,1.94615
1.332e-07,0.0997075,1.94615
1.334e-07,0.0997075,1.94615
1.336e-07,0.0997075,1.94615
1.338e-07,0.0997075,1.94615
1.34e-07,0.0997075,1.94615
1.342e-07,0.0997075,1.94615
1.344e-07,0.0997075,1.93034
1.346e-07,0.0997075,1.93034
1.348e-07,0.0997075,1.93034
1.35e-07,0.0997075,1.93034
1.352e-07,0.0997075,1.93034
1.354e-07,0.0997075,1.93034
1.356e-07,0.0997075,1.93034
1.358e-07,0.0997075,1.93034
1.36e-07,0.0997075,1.93034
1.362e-07,0.0997075,1.93034
1.364e-07,0.0997075,1.93034
1.366e-07,0.0997075,1.93034
1.368e-07,0.0997075,1.93034
1.37e-07,0.0997075,1.93034
1.372e-07,0.0997075,1.93034
1.374e-07,0.0997075,1.93034
1.376e-07,0.100498,1.93034
1.378e-07,0.100498,1.93034
1.38e-07,0.100498,1.93034
1.382e-07,0.100498,1.93034
1.384e-07,0.0997075,1.93034
1.386e-07,0.0997075,1.93034
1.388e-07,0.0997075,1.93034
1.39e-07,0.0997075,1.93034
1.392e-07,0.0997075,1.93034
1.394e-07,0.0997075,1.93034
1.396e-07,0.0997075,1.93034
1.398e-07,0.0997075,1.93034
1.4e-07,0.0997075,1.93034
1.402e-07,0.0997075,1.91453
1.404e-07,0.0997075,1.91453
1.406e-07,0.0997075,1.91453
1.408e-07,0.0997075,1.93034
1.41e-07,0.0997075,1.93034
1.412e-07,0.0997075,1.93034
1.414e-07,0.0997075,1.93034
1.416e-07,0.0997075,1.93034
1.418e-07,0.0997075,1.93034
1.42e-07,0.0997075,1.93034
1.422e-07,0.0997075,1.93034
1.424e-07,0.0997075,1.93034
1.426e-07,0.0997075,1.93034
1.428e-07,0.0997075,1.93034
1.43e-07,0.0997075,1.93034
1.432e-07,0.0997075,1.93034
1.434e-07,0.0997075,1.93034
1.436e-07,0.0997075,1.93034
1.438e-07,0.0997075,1.93034
1.44e-07,0.0997075,1.93034
1.442e-07,0.0997075,1.93034
1.444e-07,0.0997075,1.93034
1.446e-07,0.0997075,1.93034
1.448e-07,0.0997075,1.93034
1.45e-07,0.0997075,1.93034
1.452e-07,0.0997075,1.94615
1.454e-07,0.0997075,1.94615
1.456e-07,0.0997075,1.93034
1.458e-07,0.0997075,1.93034
1.46e-07,0.0997075,1.93034
1.462e-07,0.0997075,1.93034
1.464e-07,0.098917,1.93034
1.466e-07,0.098917,1.91453
1.468e-07,0.0997075,1.91453
1.47e-07,0.0997075,1.91453
1.472e-07,0.0997075,1.91453
1.474e-07,0.0997075,1.91453
1.476e-07,0.0997075,1.91453
1.478e-07,0.0997075,1.91453
1.48e-07,0.0997075,1.91453
1.482e-07,0.0997075,1.91453
1.484e-07,0.0997075,1.91453
1.486e-07,0.0997075,1.91453
1.488e-07,0.0997075,1.91453
1.49e-07,0.0997075,1.91453
1.492e-07,0.0997075,1.91453
1.494e-07,0.0997075,1.91453
1.496e-07,0.0997075,1.91453
1.498e-07,0.0997075,1.91453
1.5e-07,0.0997075,1.91453
1.502e-07,0.0997075,1.91453
1.504e-07,0.0997075,1.91453
1.506e-07,0.0997075,1.91453
1.508e-07,0.0997075,1.91453
1.51e-07,0.0997075,1.91453
1.512e-07,0.0997075,1.91453
1.514e-07,0.0997075,1.91453
1.516e-07,0.0997075,1.91453
1.518e-07,0.0997075,1.91453
1.52e-07,0.098917,1.91453
1.522e-07,0.098917,1.91453
1.524e-07,0.0997075,1.91453
1.526e-07,0.0997075,1.89872
1.528e-07,0.0997075,1.89872
1.53e-07,0.0997075,1.89872
1.532e-07,0.0997075,1.89872
1.534e-07,0.0997075,1.89872
1.536e-07,0.0997075,1.89872
1.538e-07,0.0997075,1.89872
1.54e-07,0.0997075,1.89872
1.542e-07,0.0997075,1.89872
1.544e-07,0.0997075,1.89872
1.546e-07,0.0997075,1.89872
1.548e-07,0.0997075,1.91453
1.55e-07,0.0997075,1.91453
1.552e-07,0.0997075,1.91453
1.554e-07,0.0997075,1.91453
1.556e-07,0.0997075,1.91453
1.558e-07,0.0997075,1.91453
1.56e-07,0.098917,1.91453
1.562e-07,0.098917,1.91453
1.564e-07,0.098917,1.91453
1.566e-07,0.098917,1.91453
1.568e-07,0.0997075,1.91453
1.57e-07,0.0997075,1.91453
1.572e-07,0.0997075,1.91453
1.574e-07,0.0997075,1.91453
1.576e-07,0.0997075,1.93034
1.578e-07,0.0997075,1.93034
1.58e-07,0.0997075,1.91453
1.582e-07,0.0997075,1.91453
1.584e-07,0.0997075,1.91453
1.586e-07,0.0997075,1.89872
1.588e-07,0.0997075,1.89872
1.59e-07,0.0997075,1.89872
1.592e-07,0.100498,1.89872
1.594e-07,0.100498,1.89872
1.596e-07,0.0997075,1.89872
1.598e-07,0.0997075,1.89872
1.6e-07,0.0997075,1.89872
1.602e-07,0.0997075,1.89872
1.604e-07,0.0997075,1.89872
1.606e-07,0.100498,1.89872
1.608e-07,0.100498,1.91453
1.61e-07,0.100498,1.91453
1.612e-07,0.100498,1.91453
1.614e-07,0.100498,1.91453
1.616e-07,0.100498,1.91453
1.618e-07,0.0997075,1.91453
1.62e-07,0.0997075,1.91453
1.622e-07,0.0997075,1.91453
1.624e-07,0.0997075,1.91453
1.626e-07,0.0997075,1.91453
1.628e-07,0.0997075,1.91453
1.63e-07,0.0997075,1.91453
1.632e-07,0.0997075,1.91453
1.634e-07,0.0997075,1.91453
1.636e-07,0.0997075,1.91453
1.638e-07,0.0997075,1.91453
1.64e-07,0.0997075,1.91453
1.642e-07,0.098917,1.91453
1.644e-07,0.098917,1.91453
1.646e-07,0.098917,1.91453
1.648e-07,0.098917,1.91453
1.65e-07,0.0997075,1.91453
1.652e-07,0.0997075,1.91453
1.654e-07,0.0997075,1.91453
1.656e-07,0.0997075,1.91453
1.658e-07,0.0997075,1.91453
1.66e-07,0.0997075,1.91453
1.662e-07,0.0997075,1.91453
1.664e-07,0.0997075,1.91453
1.666e-07,0.0997075,1.91453
1.668e-07,0.0997075,1.91453
1.67e-07,0.0997075,1.91453
1.672e-07,0.0997075,1.91453
1.674e-07,0.0997075,1.91453
1.676e-07,0.0997075,1.91453
1.678e-07,0.0997075,1.91453
1.68e-07,0.0997075,1.91453
1.682e-07,0.0997075,1.91453
1.684e-07,0.0997075,1.91453
1.686e-07,0.0997075,1.91453
1.688e-07,0.0997075,1.91453
1.69e-07,0.0997075,1.91453
1.692e-07,0.0997075,1.91453
1.694e-07,0.0997075,1.91453
1.696e-07,0.0997075,1.91453
1.698e-07,0.0997075,1.91453
1.7e-07,0.0997075,1.91453
1.702e-07,0.0997075,1.91453
1.704e-07,0.100498,1.89872
1.706e-07,0.100498,1.89872
1.708e-07,0.0997075,1.91453
1.71e-07,0.0997075,1.91453
1.712e-07,0.0997075,1.91453
1.714e-07,0.0997075,1.91453
1.716e-07,0.0997075,1.89872
1.718e-07,0.0997075,1.89872
1.72e-07,0.0997075,1.89872
1.722e-07,0.0997075,1.89872
1.724e-07,0.0997075,1.89872
1.726e-07,0.0997075,1.89872
1.728e-07,0.0997075,1.89872
1.73e-07,0.0997075,1.91453
1.732e-07,0.0997075,1.91453
1.734e-07,0.0997075,1.91453
1.736e-07,0.0997075,1.91453
1.738e-07,0.0997075,1.91453
1.74e-07,0.0997075,1.91453
1.742e-07,0.0997075,1.91453
1.744e-07,0.0997075,1.91453
1.746e-07,0.0997075,1.91453
1.748e-07,0.0997075,1.91453
1.75e-07,0.0997075,1.91453
1.752e-07,0.0997075,1.91453
1.754e-07,0.098917,1.91453
1.756e-07,0.0997075,1.89872
1.758e-07,0.0997075,1.89872
1.76e-07,0.0997075,1.89872
1.762e-07,0.0997075,1.91453
1.764e-07,0.0997075,1.91453
1.766e-07,0.0997075,1.89872
1.768e-07,0.0997075,1.89872
1.77e-07,0.0997075,1.89872
1.772e-07,0.0997075,1.89872
1.774e-07,0.0997075,1.89872
1.776e-07,0.0997075,1.89872
1.778e-07,0.0997075,1.89872
1.78e-07,0.0997075,1.89872
1.782e-07,0.0997075,1.89872
1.784e-07,0.0997075,1.89872
1.786e-07,0.0997075,1.91453
1.788e-07,0.098917,1.91453
1.79e-07,0.098917,1.91453
1.792e-07,0.098917,1.91453
1.794e-07,0.0997075,1.91453
1.796e-07,0.0997075,1.91453
1.798e-07,0.0997075,1.91453
1.8e-07,0.0997075,1.91453
1.802e-07,0.0997075,1.91453
1.804e-07,0.0997075,1.91453
1.806e-07,0.0997075,1.91453
1.808e-07,0.098917,1.91453
1.81e-07,0.098917,1.91453
1.812e-07,0.098917,1.91453
1.814e-07,0.098917,1.91453
1.816e-07,0.098917,1.89872
1.818e-07,0.098917,1.89872
1.82e-07,0.098917,1.89872
1.822e-07,0.098917,1.89872
1.824e-07,0.0997075,1.91453
1.826e-07,0.0997075,1.91453
1.828e-07,0.0997075,1.89872
1.83e-07,0.098917,1.89872
1.832e-07,0.098917,1.89872
1.834e-07,0.098917,1.89872
1.836e-07,0.098917,1.91453
1.838e-07,0.098917,1.91453
1.84e-07,0.098917,1.91453
1.842e-07,0.098917,1.91453
1.844e-07,0.0997075,1.91453
1.846e-07,0.0997075,1.91453
1.848e-07,0.0997075,1.91453
1.85e-07,0.0997075,1.91453
1.852e-07,0.0997075,1.91453
1.854e-07,0.0997075,1.91453
1.856e-07,0.0997075,1.91453
1.858e-07,0.0997075,1.91453
1.86e-07,0.0997075,1.91453
1.862e-07,0.0997075,1.91453
1.864e-07,0.0997075,1.89872
1.866e-07,0.0997075,1.89872
1.868e-07,0.0997075,1.89872
1.87e-07,0.0997075,1.89872
1.872e-07,0.0997075,1.89872
1.874e-07,0.0997075,1.89872
1.876e-07,0.0997075,1.89872
1.878e-07,0.0997075,1.89872
1.88e-07,0.0997075,1.91453
1.882e-07,0.0997075,1.91453
1.884e-07,0.0997075,1.91453
1.886e-07,0.0997075,1.91453
1.888e-07,0.0997075,1.89872
1.89e-07,0.0997075,1.89872
1.892e-07,0.0997075,1.89872
1.894e-07,0.0997075,1.89872
1.896e-07,0.0997075,1.89872
1.898e-07,0.0997075,1.89872
1.9e-07,0.0997075,1.89872
1.902e-07,0.0997075,1.91453
1.904e-07,0.0997075,1.91453
1.906e-07,0.0997075,1.91453
1.908e-07,0.0997075,1.91453
1.91e-07,0.0997075,1.91453
1.912e-07,0.0997075,1.89872
1.914e-07,0.0997075,1.89872
1.916e-07,0.0997075,1.89872
1.918e-07,0.0997075,1.89872
1.92e-07,0.0997075,1.89872
1.922e-07,0.0997075,1.89872
1.924e-07,0.0997075,1.89872
1.926e-07,0.0997075,1.89872
1.928e-07,0.0997075,1.91453
1.93e-07,0.0997075,1.91453
1.932e-07,0.0997075,1.91453
1.934e-07,0.0997075,1.91453
1.936e-07,0.0997075,1.91453
1.938e-07,0.0997075,1.91453
1.94e-07,0.0997075,1.91453
1.942e-07,0.0997075,1.91453
1.944e-07,0.0997075,1.91453
1.946e-07,0.0997075,1.91453
1.948e-07,0.0997075,1.91453
1.95e-07,0.0997075,1.91453
1.952e-07,0.0997075,1.91453
1.954e-07,0.0997075,1.91453
1.956e-07,0.0997075,1.89872
1.958e-07,0.0997075,1.89872
1.96e-07,0.0997075,1.89872
1.962e-07,0.0997075,1.91453
1.964e-07,0.0997075,1.91453
1.966e-07,0.098917,1.91453
1.968e-07,0.0997075,1.91453
1.97e-07,0.0997075,1.91453
1.972e-07,0.0997075,1.91453
1.974e-07,0.0997075,1.91453
1.976e-07,0.0997075,1.91453
1.978e-07,0.0997075,1.91453
1.98e-07,0.0997075,1.91453
1.982e-07,0.0997075,1.89872
1.984e-07,0.0997075,1.89872
1.986e-07,0.0997075,1.89872
1.988e-07,0.100498,1.89872
1.99e-07,0.100498,1.89872
1.992e-07,0.0997075,1.89872
1.994e-07,0.0997075,1.89872
1.996e-07,0.0997075,1.89872
1.998e-07,0.0997075,1.89872
2e-07,0.0997075,1.89872
2.002e-07,0.0997075,1.89872
2.004e-07,0.0997075,1.89872
2.006e-07,0.0997075,1.89872
2.008e-07,0.0997075,1.89872
2.01e-07,0.0997075,1.89872
2.012e-07,0.0997075,1.89872
2.014e-07,0.0997075,1.89872
2.016e-07,0.0997075,1.89872
2.018e-07,0.100498,1.89872
2.02e-07,0.0997075,1.89872
2.022e-07,0.0997075,1.89872
2.024e-07,0.0997075,1.89872
2.026e-07,0.0997075,1.91453
2.028e-07,0.0997075,1.91453
2.03e-07,0.0997075,1.91453
2.032e-07,0.0997075,1.91453
2.034e-07,0.0997075,1.91453
2.036e-07,0.0997075,1.93034
2.038e-07,0.0997075,1.93034
2.04e-07,0.0997075,1.93034
2.042e-07,0.0997075,1.93034
2.044e-07,0.0997075,1.93034
2.046e-07,0.098917,1.91453
2.048e-07,0.098917,1.91453
2.05e-07,0.0997075,1.91453
2.052e-07,0.0997075,1.91453
2.054e-07,0.0997075,1.91453
2.056e-07,0.0997075,1.91453
2.058e-07,0.0997075,1.91453
2.06e-07,0.0997075,1.91453
2.062e-07,0.0997075,1.91453
2.064e-07,0.0997075,1.91453
2.066e-07,0.0997075,1.91453
2.068e-07,0.0997075,1.91453
2.07e-07,0.0997075,1.91453
2.072e-07,0.0997075,1.91453
2.074e-07,0.0997075,1.91453
2.076e-07,0.0997075,1.91453
2.078e-07,0.0997075,1.91453
2.08e-07,0.0997075,1.93034
2.082e-07,0.0997075,1.91453
2.084e-07,0.0997075,1.91453
2.086e-07,0.0997075,1.91453
2.088e-07,0.0997075,1.91453
2.09e-07,0.0997075,1.91453
2.092e-07,0.0997075,1.93034
2.094e-07,0.0997075,1.93034
2.096e-07,0.098917,1.91453
2.098e-07,0.098917,1.91453
2.1e-07,0.098917,1.91453
2.102e-07,0.0997075,1.91453
2.104e-07,0.0997075,1.93034
2.106e-07,0.0997075,1.93034
2.108e-07,0.0997075,1.93034
2.11e-07,0.0997075,1.91453
2.112e-07,0.0997075,1.91453
2.114e-07,0.0997075,1.91453
2.116e-07,0.0997075,1.91453
2.118e-07,0.0997075,1.91453
2.12e-07,0.0997075,1.91453
2.122e-07,0.0997075,1.93034
2.124e-07,0.0997075,1.93034
2.126e-07,0.0997075,1.93034
2.128e-07,0.0997075,1.93034
2.13e-07,0.0997075,1.91453
2.132e-07,0.0997075,1.91453
2.134e-07,0.0997075,1.91453
2.136e-07,0.0997075,1.91453
2.138e-07,0.0997075,1.91453
2.14e-07,0.0997075,1.91453
2.142e-07,0.0997075,1.93034
2.144e-07,0.0997075,1.93034
2.146e-07,0.0997075,1.93034
2.148e-07,0.0997075,1.93034
2.15e-07,0.0997075,1.91453
2.152e-07,0.0997075,1.91453
2.154e-07,0.0997075,1.91453
2.156e-07,0.0997075,1.91453
2.158e-07,0.0997075,1.91453
2.16e-07,0.0997075,1.91453
2.162e-07,0.0997075,1.91453
2.164e-07,0.0997075,1.91453
2.166e-07,0.0997075,1.91453
2.168e-07,0.0997075,1.91453
2.17e-07,0.0997075,1.91453
2.172e-07,0.100498,1.91453
2.174e-07,0.100498,1.91453
2.176e-07,0.100498,1.91453
2.178e-07,0.100498,1.93034
2.18e-07,0.100498,1.93034
2.182e-07,0.0997075,1.93034
2.184e-07,0.0997075,1.93034
2.186e-07,0.0997075,1.93034
2.188e-07,0.0997075,1.93034
2.19e-07,0.0997075,1.93034
2.192e-07,0.0997075,1.93034
2.194e-07,0.0997075,1.93034
2.196e-07,0.0997075,1.94615
2.198e-07,0.0997075,1.94615
2.2e-07,0.0997075,1.94615
2.202e-07,0.0997075,1.94615
2.204e-07,0.0997075,1.93034
2.206e-07,0.0997075,1.93034
2.208e-07,0.0997075,1.93034
2.21e-07,0.0997075,1.93034
2.212e-07,0.0997075,1.93034
2.214e-07,0.0997075,1.93034
2.216e-07,0.0997075,1.93034
2.218e-07,0.0997075,1.93034
2.22e-07,0.0997075,1.93034
2.222e-07,0.0997075,1.93034
2.224e-07,0.0997075,1.93034
2.226e-07,0.0997075,1.93034
2.228e-07,0.0997075,1.93034
2.23e-07,0.098917,1.93034
2.232e-07,0.098917,1.93034
2.234e-07,0.098917,1.93034
2.236e-07,0.0997075,1.93034
2.238e-07,0.0997075,1.93034
2.24e-07,0.0997075,1.93034
2.242e-07,0.0997075,1.93034
2.244e-07,0.0997075,1.93034
2.246e-07,0.0997075,1.93034
2.248e-07,0.0997075,1.93034
2.25e-07,0.0997075,1.93034
2.252e-07,0.0997075,1.91453
2.254e-07,0.0997075,1.91453
2.256e-07,0.0997075,1.91453
2.258e-07,0.0997075,1.91453
2.26e-07,0.0997075,1.93034
2.262e-07,0.0997075,1.93034
2.264e-07,0.0997075,1.93034
2.266e-07,0.0997075,1.93034
2.268e-07,0.0997075,1.93034
2.27e-07,0.0997075,1.93034
2.272e-07,0.0997075,1.93034
2.274e-07,0.0997075,1.93034
2.276e-07,0.0997075,1.93034
2.278e-07,0.0997075,1.93034
2.28e-07,0.0997075,1.94615
2.282e-07,0.0997075,1.93034
2.284e-07,0.0997075,1.93034
2.286e-07,0.0997075,1.93034
2.288e-07,0.0997075,1.93034
2.29e-07,0.0997075,1.93034
2.292e-07,0.0997075,1.93034
2.294e-07,0.0997075,1.93034
2.296e-07,0.0997075,1.93034
2.298e-07,0.0997075,1.93034
2.3e-07,0.0997075,1.93034
2.302e-07,0.0997075,1.94615
2.304e-07,0.0997075,1.94615
2.306e-07,0.0997075,1.94615
2.308e-07,0.0997075,1.94615
2.31e-07,0.0997075,1.93034
2.312e-07,0.0997075,1.93034
2.314e-07,0.0997075,1.93034
2.316e-07,0.0997075,1.94615
2.318e-07,0.0997075,1.94615
2.32e-07,0.0997075,1.94615
2.322e-07,0.0997075,1.94615
2.324e-07,0.0997075,1.94615
2.326e-07,0.0997075,1.94615
2.328e-07,0.0997075,1.93034
2.33e-07,0.0997075,1.94615
2.332e-07,0.0997075,1.94615
2.334e-07,0.0997075,1.94615
2.336e-07,0.0997075,1.94615
2.338e-07,0.100498,1.94615
2.34e-07,0.0997075,1.94615
2.342e-07,0.0997075,1.93034
2.344e-07,0.0997075,1.93034
2.346e-07,0.0997075,1.93034
2.348e-07,0.0997075,1.93034
2.35e-07,0.0997075,1.94615
2.352e-07,0.0997075,1.94615
2.354e-07,0.0997075,1.94615
2.356e-07,0.0997075,1.93034
2.358e-07,0.0997075,1.93034
2.36e-07,0.0997075,1.93034
2.362e-07,0.0997075,1.93034
2.364e-07,0.0997075,1.93034
2.366e-07,0.0997075,1.93034
2.368e-07,0.098917,1.93034
2.37e-07,0.098917,1.93034
2.372e-07,0.0997075,1.93034
2.374e-07,0.0997075,1.93034
2.376e-07,0.0997075,1.93034
2.378e-07,0.098917,1.93034
2.38e-07,0.098917,1.93034
2.382e-07,0.0997075,1.93034
2.384e-07,0.0997075,1.93034
2.386e-07,0.0997075,1.93034
2.388e-07,0.0997075,1.93034
2.39e-07,0.0997075,1.93034
2.392e-07,0.0997075,1.93034
2.394e-07,0.0997075,1.93034
2.396e-07,0.0997075,1.93034
2.398e-07,0.0997075,1.93034
2.4e-07,0.0997075,1.94615
2.402e-07,0.0997075,1.94615
2.404e-07,0.0997075,1.94615
2.406e-07,0.0997075,1.94615
2.408e-07,0.0997075,1.94615
2.41e-07,0.0997075,1.94615
2.412e-07,0.0997075,1.94615
2.414e-07,0.0997075,1.94615
2.416e-07,0.0997075,1.94615
2.418e-07,0.0997075,1.94615
2.42e-07,0.0997075,1.94615
2.422e-07,0.0997075,1.94615
2.424e-07,0.0997075,1.94615
2.426e-07,0.0997075,1.94615
2.428e-07,0.0997075,1.94615
2.43e-07,0.0997075,1.94615
2.432e-07,0.0997075,1.94615
2.434e-07,0.0997075,1.93034
2.436e-07,0.0997075,1.93034
2.438e-07,0.0997075,1.93034
2.44e-07,0.0997075,1.93034
2.442e-07,0.0997075,1.93034
2.444e-07,0.0997075,1.94615
2.446e-07,0.0997075,1.94615
2.448e-07,0.0997075,1.94615
2.45e-07,0.0997075,1.94615
2.452e-07,0.0997075,1.94615
2.454e-07,0.0997075,1.94615
2.456e-07,0.100498,1.94615
2.458e-07,0.100498,1.94615
2.46e-07,0.100498,1.94615
2.462e-07,0.100498,1.94615
2.464e-07,0.100498,1.94615
2.466e-07,0.0997075,1.94615
2.468e-07,0.0997075,1.94615
2.47e-07,0.100498,1.94615
2.472e-07,0.100498,1.94615
2.474e-07,0.100498,1.94615
2.476e-07,0.100498,1.94615
2.478e-07,0.100498,1.94615
2.48e-07,0.100498,1.94615
2.482e-07,0.100498,1.94615
2.484e-07,0.0997075,1.94615
2.486e-07,0.0997075,1.94615
2.488e-07,0.0997075,1.94615
2.49e-07,0.0997075,1.94615
2.492e-07,0.0997075,1.94615
2.494e-07,0.0997075,1.94615
2.496e-07,0.0997075,1.94615
2.498e-07,0.0997075,1.94615
2.5e-07,0.0997075,1.94615
2.502e-07,0.0997075,1.94615
2.504e-07,0.0997075,1.94615
2.506e-07,0.0997075,1.94615
2.508e-07,0.0997075,1.94615
2.51e-07,0.0997075,1.94615
2.512e-07,0.0997075,1.94615
2.514e-07,0.0997075,1.94615
2.516e-07,0.0997075,1.94615
2.518e-07,0.0997075,1.94615
2.52e-07,0.0997075,1.94615
2.522e-07,0.0997075,1.94615
2.524e-07,0.0997075,1.94615
2.526e-07,0.0997075,1.94615
2.528e-07,0.0997075,1.96196
2.53e-07,0.0997075,1.96196
2.532e-07,0.0997075,1.96196
2.534e-07,0.0997075,1.96196
2.536e-07,0.0997075,1.96196
2.538e-07,0.100498,1.96196
2.54e-07,0.0997075,1.96196
2.542e-07,0.0997075,1.94615
2.544e-07,0.0997075,1.94615
2.546e-07,0.0997075,1.94615
2.548e-07,0.0997075,1.94615
2.55e-07,0.0997075,1.94615
2.552e-07,0.100498,1.94615
2.554e-07,0.100498,1.94615
2.556e-07,0.100498,1.93034
2.558e-07,0.100498,1.94615
2.56e-07,0.100498,1.94615
2.562e-07,0.100498,1.94615
2.564e-07,0.100498,1.94615
2.566e-07,0.100498,1.94615
2.568e-07,0.100498,1.94615
2.57e-07,0.0997075,1.94615
2.572e-07,0.0997075,1.94615
2.574e-07,0.0997075,1.94615
2.576e-07,0.0997075,1.94615
2.578e-07,0.098917,1.94615
2.58e-07,0.098917,1.94615
2.582e-07,0.098917,1.94615
2.584e-07,0.0997075,1.94615
2.586e-07,0.0997075,1.94615
2.588e-07,0.0997075,1.94615
2.59e-07,0.0997075,1.94615
2.592e-07,0.0997075,1.96196
2.594e-07,0.0997075,1.96196
2.596e-07,0.0997075,1.96196
2.598e-07,0.0997075,1.96196
2.6e-07,0.0997075,1.96196
2.602e-07,0.0997075,1.94615
2.604e-07,0.0997075,1.94615
2.606e-07,0.0997075,1.94615
2.608e-07,0.0997075,1.94615
2.61e-07,0.0997075,1.94615
2.612e-07,0.0997075,1.94615
2.614e-07,0.0997075,1.94615
2.616e-07,0.0997075,1.94615
2.618e-07,0.0997075,1.94615
2.62e-07,0.0997075,1.94615
2.622e-07,0.0997075,1.94615
2.624e-07,0.0997075,1.94615
2.626e-07,0.0997075,1.94615
2.628e-07,0.0997075,1.93034
2.63e-07,0.0997075,1.93034
2.632e-07,0.0997075,1.93034
2.634e-07,0.0997075,1.93034
2.636e-07,0.0997075,1.93034
2.638e-07,0.0997075,1.93034
2.64e-07,0.0997075,1.94615
2.642e-07,0.0997075,1.94615
2.644e-07,0.0997075,1.94615
2.646e-07,0.0997075,1.94615
2.648e-07,0.0997075,1.94615
2.65e-07,0.100498,1.94615
2.652e-07,0.100498,1.94615
2.654e-07,0.100498,1.94615
2.656e-07,0.100498,1.94615
2.658e-07,0.100498,1.96196
2.66e-07,0.0997075,1.96196
2.662e-07,0.0997075,1.96196
2.664e-07,0.100498,1.94615
2.666e-07,0.0997075,1.94615
2.668e-07,0.0997075,1.94615
2.67e-07,0.0997075,1.93034
2.672e-07,0.0997075,1.93034
2.674e-07,0.0997075,1.93034
2.676e-07,0.0997075,1.93034
2.678e-07,0.0997075,1.93034
2.68e-07,0.0997075,1.93034
2.682e-07,0.0997075,1.94615
2.684e-07,0.100498,1.94615
2.686e-07,0.100498,1.94615
2.688e-07,0.100498,1.94615
2.69e-07,0.100498,1.94615
2.692e-07,0.100498,1.94615
2.694e-07,0.100498,1.94615
2.696e-07,0.100498,1.94615
2.698e-07,0.100498,1.94615
2.7e-07,0.100498,1.94615
2.702e-07,0.100498,1.94615
2.704e-07,0.100498,1.94615
2.706e-07,0.100498,1.94615
2.708e-07,0.0997075,1.94615
2.71e-07,0.0997075,1.94615
2.712e-07,0.0997075,1.94615
2.714e-07,0.0997075,1.94615
2.716e-07,0.0997075,1.94615
2.718e-07,0.0997075,1.94615
2.72e-07,0.0997075,1.94615
2.722e-07,0.0997075,1.94615
2.724e-07,0.0997075,1.94615
2.726e-07,0.0997075,1.94615
2.728e-07,0.0997075,1.94615
2.73e-07,0.0997075,1.94615
2.732e-07,0.0997075,1.94615
2.734e-07,0.0997075,1.94615
2.736e-07,0.0997075,1.94615
2.738e-07,0.098917,1.94615
2.74e-07,0.098917,1.94615
2.742e-07,0.098917,1.94615
2.744e-07,0.098917,1.94615
2.746e-07,0.098917,1.94615
2.748e-07,0.0997075,1.94615
2.75e-07,0.0997075,1.94615
2.752e-07,0.0997075,1.94615
2.754e-07,0.0997075,1.93034
2.756e-07,0.0997075,1.93034
2.758e-07,0.0997075,1.94615
2.76e-07,0.0997075,1.94615
2.762e-07,0.0997075,1.94615
2.764e-07,0.100498,1.94615
2.766e-07,0.100498,1.94615
2.768e-07,0.0997075,1.94615
2.77e-07,0.0997075,1.94615
2.772e-07,0.0997075,1.94615
2.774e-07,0.0997075,1.94615
2.776e-07,0.0997075,1.94615
2.778e-07,0.0997075,1.94615
2.78e-07,0.0997075,1.93034
2.782e-07,0.0997075,1.93034
2.784e-07,0.0997075,1.93034
2.786e-07,0.0997075,1.93034
2.788e-07,0.098917,1.93034
2.79e-07,0.098917,1.94615
2.792e-07,0.098917,1.94615
2.794e-07,0.0997075,1.94615
2.796e-07,0.0997075,1.94615
2.798e-07,0.0997075,1.94615
2.8e-07,0.0997075,1.94615
2.802e-07,0.0997075,1.94615
2.804e-07,0.0997075,1.94615
2.806e-07,0.0997075,1.94615
2.808e-07,0.0997075,1.94615
2.81e-07,0.0997075,1.94615
2.812e-07,0.0997075,1.94615
2.814e-07,0.0997075,1.94615
2.816e-07,0.0997075,1.94615
2.818e-07,0.0997075,1.94615
2.82e-07,0.0997075,1.94615
2.822e-07,0.0997075,1.94615
2.824e-07,0.0997075,1.94615
2.826e-07,0.0997075,1.94615
2.828e-07,0.0997075,1.94615
2.83e-07,0.0997075,1.94615
2.832e-07,0.0997075,1.94615
2.834e-07,0.0997075,1.94615
2.836e-07,0.100498,1.94615
2.838e-07,0.100498,1.94615
2.84e-07,0.100498,1.93034
2.842e-07,0.0997075,1.93034
2.844e-07,0.0997075,1.93034
2.846e-07,0.0997075,1.93034
2.848e-07,0.0997075,1.93034
2.85e-07,0.0997075,1.93034
2.852e-07,0.0997075,1.93034
2.854e-07,0.0997075,1.93034
2.856e-07,0.0997075,1.93034
2.858e-07,0.0997075,1.93034
2.86e-07,0.0997075,1.93034
2.862e-07,0.0997075,1.94615
2.864e-07,0.0997075,1.93034
2.866e-07,0.0997075,1.93034
2.868e-07,0.0997075,1.93034
2.87e-07,0.0997075,1.93034
2.872e-07,0.0997075,1.93034
2.874e-07,0.0997075,1.93034
2.876e-07,0.0997075,1.93034
2.878e-07,0.0997075,1.93034
2.88e-07,0.0997075,1.93034
2.882e-07,0.0997075,1.93034
2.884e-07,0.0997075,1.93034
2.886e-07,0.0997075,1.93034
2.888e-07,0.0997075,1.93034
2.89e-07,0.0997075,1.93034
2.892e-07,0.0997075,1.93034
2.894e-07,0.0997075,1.93034
2.896e-07,0.0997075,1.94615
2.898e-07,0.0997075,1.94615
2.9e-07,0.0997075,1.93034
2.902e-07,0.0997075,1.93034
2.904e-07,0.0997075,1.93034
2.906e-07,0.0997075,1.91453
2.908e-07,0.0997075,1.93034
2.91e-07,0.0997075,1.93034
2.912e-07,0.0997075,1.93034
2.914e-07,0.0997075,1.93034
2.916e-07,0.0997075,1.93034
2.918e-07,0.0997075,1.93034
2.92e-07,0.0997075,1.93034
2.922e-07,0.100498,1.93034
2.924e-07,0.100498,1.93034
2.926e-07,0.100498,1.93034
2.928e-07,0.0997075,1.93034
2.93e-07,0.0997075,1.93034
2.932e-07,0.0997075,1.93034
2.934e-07,0.0997075,1.93034
2.936e-07,0.0997075,1.93034
2.938e-07,0.0997075,1.93034
2.94e-07,0.0997075,1.93034
2.942e-07,0.0997075,1.93034
2.944e-07,0.0997075,1.93034
2.946e-07,0.0997075,1.93034
2.948e-07,0.0997075,1.93034
2.95e-07,0.0997075,1.93034
2.952e-07,0.0997075,1.93034
2.954e-07,0.0997075,1.93034
2.956e-07,0.0997075,1.93034
2.958e-07,0.0997075,1.93034
2.96e-07,0.0997075,1.93034
2.962e-07,0.0997075,1.91453
2.964e-07,0.0997075,1.91453
2.966e-07,0.0997075,1.91453
2.968e-07,0.0997075,1.91453
2.97e-07,0.0997075,1.91453
2.972e-07,0.0997075,1.91453
2.974e-07,0.0997075,1.91453
2.976e-07,0.0997075,1.91453
2.978e-07,0.0997075,1.91453
2.98e-07,0.100498,1.93034
2.982e-07,0.0997075,1.93034
2.984e-07,0.0997075,1.93034
2.986e-07,0.0997075,1.93034
2.988e-07,0.100498,1.93034
2.99e-07,0.100498,1.93034
2.992e-07,0.0997075,1.93034
2.994e-07,0.0997075,1.93034
2.996e-07,0.0997075,1.93034
2.998e-07,0.0997075,1.93034
3e-07,0.0997075,1.93034
3.002e-07,0.0997075,1.93034
3.004e-07,0.0997075,1.93034
3.006e-07,0.0997075,1.93034
3.008e-07,0.0997075,1.93034
3.01e-07,0.0997075,1.93034
3.012e-07,0.0997075,1.93034
3.014e-07,0.098917,1.93034
3.016e-07,0.098917,1.93034
3.018e-07,0.098917,1.93034
3.02e-07,0.098917,1.93034
3.022e-07,0.098917,1.91453
3.024e-07,0.098917,1.91453
3.026e-07,0.0997075,1.91453
3.028e-07,0.0997075,1.91453
3.03e-07,0.0997075,1.91453
3.032e-07,0.0997075,1.91453
3.034e-07,0.0997075,1.91453
3.036e-07,0.0997075,1.91453
3.038e-07,0.0997075,1.93034
3.04e-07,0.0997075,1.93034
3.042e-07,0.100498,1.93034
3.044e-07,0.100498,1.93034
3.046e-07,0.100498,1.93034
3.048e-07,0.100498,1.93034
3.05e-07,0.100498,1.93034
3.052e-07,0.0997075,1.93034
3.054e-07,0.0997075,1.93034
3.056e-07,0.0997075,1.93034
3.058e-07,0.0997075,1.93034
3.06e-07,0.0997075,1.91453
3.062e-07,0.0997075,1.91453
3.064e-07,0.0997075,1.91453
3.066e-07,0.0997075,1.91453
3.068e-07,0.0997075,1.91453
3.07e-07,0.0997075,1.91453
3.072e-07,0.0997075,1.91453
3.074e-07,0.0997075,1.91453
3.076e-07,0.0997075,1.91453
3.078e-07,0.0997075,1.91453
3.08e-07,0.0997075,1.91453
3.082e-07,0.0997075,1.91453
3.084e-07,0.0997075,1.91453
3.086e-07,0.0997075,1.91453
3.088e-07,0.100498,1.91453
3.09e-07,0.100498,1.91453
3.092e-07,0.100498,1.91453
3.094e-07,0.100498,1.91453
3.096e-07,0.100498,1.91453
3.098e-07,0.0997075,1.91453
3.1e-07,0.0997075,1.91453
3.102e-07,0.0997075,1.91453
3.104e-07,0.0997075,1.91453
3.106e-07,0.0997075,1.91453
3.108e-07,0.0997075,1.93034
3.11e-07,0.0997075,1.91453
3.112e-07,0.0997075,1.91453
3.114e-07,0.0997075,1.91453
3.116e-07,0.0997075,1.91453
3.118e-07,0.0997075,1.91453
3.12e-07,0.0997075,1.91453
3.122e-07,0.0997075,1.91453
3.124e-07,0.100498,1.91453
3.126e-07,0.100498,1.91453
3.128e-07,0.100498,1.93034
3.13e-07,0.100498,1.93034
3.132e-07,0.100498,1.93034
3.134e-07,0.100498,1.91453
3.136e-07,0.0997075,1.91453
3.138e-07,0.0997075,1.91453
3.14e-07,0.0997075,1.91453
3.142e-07,0.0997075,1.91453
3.144e-07,0.0997075,1.93034
3.146e-07,0.0997075,1.93034
3.148e-07,0.0997075,1.93034
3.15e-07,0.0997075,1.93034
3.152e-07,0.098917,1.93034
3.154e-07,0.098917,1.93034
3.156e-07,0.098917,1.91453
3.158e-07,0.098917,1.91453
3.16e-07,0.098917,1.91453
3.162e-07,0.0997075,1.91453
3.164e-07,0.0997075,1.91453
3.166e-07,0.0997075,1.91453
3.168e-07,0.0997075,1.91453
3.17e-07,0.100498,1.91453
3.172e-07,0.100498,1.91453
3.174e-07,0.100498,1.91453
3.176e-07,0.0997075,1.91453
3.178e-07,0.0997075,1.93034
3.18e-07,0.0997075,1.93034
3.182e-07,0.0997075,1.93034
3.184e-07,0.0997075,1.91453
3.186e-07,0.0997075,1.93034
3.188e-07,0.0997075,1.93034
3.19e-07,0.0997075,1.93034
3.192e-07,0.0997075,1.93034
3.194e-07,0.0997075,1.93034
3.196e-07,0.0997075,1.93034
3.198e-07,0.0997075,1.93034
3.2e-07,0.0997075,1.93034
3.202e-07,0.0997075,1.93034
3.204e-07,0.0997075,1.91453
3.206e-07,0.0997075,1.91453
3.208e-07,0.0997075,1.91453
3.21e-07,0.0997075,1.91453
3.212e-07,0.0997075,1.91453
3.214e-07,0.0997075,1.91453
3.216e-07,0.0997075,1.91453
3.218e-07,0.0997075,1.91453
3.22e-07,0.0997075,1.91453
3.222e-07,0.0997075,1.91453
3.224e-07,0.0997075,1.91453
3.226e-07,0.0997075,1.91453
3.228e-07,0.0997075,1.91453
3.23e-07,0.0997075,1.91453
3.232e-07,0.0997075,1.91453
3.234e-07,0.0997075,1.91453
3.236e-07,0.0997075,1.91453
3.238e-07,0.0997075,1.91453
3.24e-07,0.0997075,1.91453
3.242e-07,0.0997075,1.91453
3.244e-07,0.0997075,1.91453
3.246e-07,0.100498,1.91453
3.248e-07,0.100498,1.91453
3.25e-07,0.100498,1.91453
3.252e-07,0.100498,1.91453
3.254e-07,0.0997075,1.91453
3.256e-07,0.0997075,1.91453
3.258e-07,0.0997075,1.91453
3.26e-07,0.0997075,1.91453
3.262e-07,0.0997075,1.93034
3.264e-07,0.0997075,1.93034
3.266e-07,0.0997075,1.93034
3.268e-07,0.0997075,1.91453
3.27e-07,0.0997075,1.91453
3.272e-07,0.0997075,1.91453
3.274e-07,0.0997075,1.91453
3.276e-07,0.0997075,1.91453
3.278e-07,0.0997075,1.91453
3.28e-07,0.0997075,1.91453
3.282e-07,0.0997075,1.91453
3.284e-07,0.0997075,1.91453
3.286e-07,0.0997075,1.91453
3.288e-07,0.0997075,1.91453
3.29e-07,0.100498,1.91453
3.292e-07,0.100498,1.91453
3.294e-07,0.100498,1.91453
3.296e-07,0.100498,1.91453
3.298e-07,0.100498,1.91453
3.3e-07,0.0997075,1.91453
3.302e-07,0.0997075,1.91453
3.304e-07,0.0997075,1.91453
3.306e-07,0.0997075,1.91453
3.308e-07,0.100498,1.91453
3.31e-07,0.100498,1.93034
3.312e-07,0.100498,1.93034
3.314e-07,0.0997075,1.91453
3.316e-07,0.0997075,1.91453
3.318e-07,0.0997075,1.91453
3.32e-07,0.0997075,1.91453
3.322e-07,0.098917,1.91453
3.324e-07,0.098917,1.91453
3.326e-07,0.0997075,1.91453
3.328e-07,0.0997075,1.91453
3.33e-07,0.0997075,1.91453
3.332e-07,0.0997075,1.91453
3.334e-07,0.0997075,1.91453
3.336e-07,0.0997075,1.91453
3.338e-07,0.0997075,1.91453
3.34e-07,0.0997075,1.91453
3.342e-07,0.0997075,1.91453
3.344e-07,0.100498,1.91453
3.346e-07,0.0997075,1.91453
3.348e-07,0.0997075,1.91453
3.35e-07,0.0997075,1.91453
3.352e-07,0.0997075,1.91453
3.354e-07,0.0997075,1.91453
3.356e-07,0.0997075,1.91453
3.358e-07,0.0997075,1.91453
3.36e-07,0.0997075,1.91453
3.362e-07,0.0997075,1.91453
3.364e-07,0.0997075,1.91453
3.366e-07,0.0997075,1.91453
3.368e-07,0.0997075,1.91453
3.37e-07,0.0997075,1.91453
3.372e-07,0.0997075,1.91453
3.374e-07,0.0997075,1.91453
3.376e-07,0.0997075,1.91453
3.378e-07,0.0997075,1.91453
3.38e-07,0.0997075,1.91453
3.382e-07,0.0997075,1.91453
3.384e-07,0.0997075,1.91453
3.386e-07,0.0997075,1.93034
3.388e-07,0.0997075,1.93034
3.39e-07,0.100498,1.93034
3.392e-07,0.100498,1.93034
3.394e-07,0.100498,1.93034
3.396e-07,0.100498,1.93034
3.398e-07,0.100498,1.93034
3.4e-07,0.100498,1.93034
3.402e-07,0.0997075,1.93034
3.404e-07,0.0997075,1.93034
3.406e-07,0.0997075,1.93034
3.408e-07,0.0997075,1.93034
3.41e-07,0.0997075,1.93034
3.412e-07,0.0997075,1.91453
3.414e-07,0.0997075,1.91453
3.416e-07,0.0997075,1.91453
3.418e-07,0.0997075,1.91453
3.42e-07,0.0997075,1.91453
3.422e-07,0.0997075,1.91453
3.424e-07,0.0997075,1.91453
3.426e-07,0.0997075,1.93034
3.428e-07,0.0997075,1.93034
3.43e-07,0.0997075,1.93034
3.432e-07,0.0997075,1.91453
3.434e-07,0.0997075,1.91453
3.436e-07,0.0997075,1.91453
3.438e-07,0.0997075,1.91453
3.44e-07,0.0997075,1.91453
3.442e-07,0.098917,1.93034
3.444e-07,0.098917,1.93034
3.446e-07,0.098917,1.93034
3.448e-07,0.098917,1.93034
3.45e-07,0.098917,1.93034
3.452e-07,0.098917,1.93034
3.454e-07,0.098917,1.93034
3.456e-07,0.0997075,1.91453
3.458e-07,0.0997075,1.91453
3.46e-07,0.0997075,1.91453
3.462e-07,0.0997075,1.91453
3.464e-07,0.0997075,1.93034
3.466e-07,0.098917,1.93034
3.468e-07,0.098917,1.93034
3.47e-07,0.098917,1.93034
3.472e-07,0.098917,1.93034
3.474e-07,0.0997075,1.91453
3.476e-07,0.0997075,1.91453
3.478e-07,0.0997075,1.91453
3.48e-07,0.0997075,1.91453
3.482e-07,0.0997075,1.93034
3.484e-07,0.0997075,1.93034
3.486e-07,0.0997075,1.93034
3.488e-07,0.098917,1.93034
3.49e-07,0.098917,1.93034
3.492e-07,0.098917,1.93034
3.494e-07,0.0997075,1.93034
3.496e-07,0.0997075,1.93034
3.498e-07,0.100498,1.93034
3.5e-07,0.100498,1.93034
3.502e-07,0.100498,1.93034
3.504e-07,0.0997075,1.93034
3.506e-07,0.0997075,1.91453
3.508e-07,0.0997075,1.91453
3.51e-07,0.0997075,1.91453
3.512e-07,0.0997075,1.91453
3.514e-07,0.0997075,1.91453
3.516e-07,0.0997075,1.91453
3.518e-07,0.0997075,1.91453
3.52e-07,0.0997075,1.91453
3.522e-07,0.0997075,1.91453
3.524e-07,0.0997075,1.93034
3.526e-07,0.0997075,1.93034
3.528e-07,0.0997075,1.93034
3.53e-07,0.0997075,1.93034
3.532e-07,0.0997075,1.93034
3.534e-07,0.0997075,1.93034
3.536e-07,0.0997075,1.93034
3.538e-07,0.0997075,1.93034
3.54e-07,0.0997075,1.93034
3.542e-07,0.0997075,1.91453
3.544e-07,0.0997075,1.91453
3.546e-07,0.0997075,1.91453
3.548e-07,0.0997075,1.91453
3.55e-07,0.0997075,1.91453
3.552e-07,0.0997075,1.91453
3.554e-07,0.0997075,1.91453
3.556e-07,0.0997075,1.91453
3.558e-07,0.0997075,1.91453
3.56e-07,0.0997075,1.91453
3.562e-07,0.0997075,1.91453
3.564e-07,0.0997075,1.91453
3.566e-07,0.0997075,1.91453
3.568e-07,0.0997075,1.93034
3.57e-07,0.0997075,1.93034
3.572e-07,0.0997075,1.93034
3.574e-07,0.0997075,1.91453
3.576e-07,0.0997075,1.91453
3.578e-07,0.0997075,1.91453
3.58e-07,0.0997075,1.91453
3.582e-07,0.098917,1.91453
3.584e-07,0.0997075,1.91453
3.586e-07,0.0997075,1.91453
3.588e-07,0.0997075,1.91453
3.59e-07,0.0997075,1.91453
3.592e-07,0.0997075,1.91453
3.594e-07,0.0997075,1.91453
3.596e-07,0.0997075,1.93034
3.598e-07,0.0997075,1.93034
3.6e-07,0.0997075,1.93034
3.602e-07,0.0997075,1.93034
3.604e-07,0.0997075,1.93034
3.606e-07,0.0997075,1.93034
3.608e-07,0.0997075,1.94615
3.61e-07,0.0997075,1.94615
3.612e-07,0.0997075,1.93034
3.614e-07,0.0997075,1.93034
3.616e-07,0.0997075,1.93034
3.618e-07,0.0997075,1.93034
3.62e-07,0.0997075,1.93034
3.622e-07,0.0997075,1.93034
3.624e-07,0.0997075,1.93034
3.626e-07,0.0997075,1.93034
3.628e-07,0.0997075,1.93034
3.63e-07,0.0997075,1.93034
3.632e-07,0.0997075,1.93034
3.634e-07,0.0997075,1.93034
3.636e-07,0.0997075,1.93034
3.638e-07,0.0997075,1.93034
3.64e-07,0.0997075,1.93034
3.642e-07,0.0997075,1.93034
3.644e-07,0.0997075,1.93034
3.646e-07,0.0997075,1.93034
3.648e-07,0.0997075,1.93034
3.65e-07,0.0997075,1.93034
3.652e-07,0.0997075,1.93034
3.654e-07,0.098917,1.93034
3.656e-07,0.098917,1.93034
3.658e-07,0.098917,1.93034
3.66e-07,0.098917,1.94615
3.662e-07,0.098917,1.94615
3.664e-07,0.098917,1.94615
3.666e-07,0.098917,1.93034
3.668e-07,0.098917,1.93034
3.67e-07,0.0997075,1.93034
3.672e-07,0.0997075,1.94615
3.674e-07,0.098917,1.94615
3.676e-07,0.098917,1.94615
3.678e-07,0.098917,1.94615
3.68e-07,0.098917,1.94615
3.682e-07,0.098917,1.94615
3.684e-07,0.098917,1.94615
3.686e-07,0.0997075,1.94615
3.688e-07,0.0997075,1.94615
3.69e-07,0.0997075,1.94615
3.692e-07,0.0997075,1.94615
3.694e-07,0.0997075,1.94615
3.696e-07,0.0997075,1.94615
3.698e-07,0.0997075,1.94615
