-1.3e-07,0.000102767,0.0334071
-1.298e-07,0.000102767,0.0334071
-1.296e-07,0.000102767,0.0334071
-1.294e-07,0.000102767,0.0334071
-1.292e-07,0.000102767,0.0334071
-1.29e-07,0.000102767,0.0334071
-1.288e-07,0.000102767,0.0334071
-1.286e-07,0.000102767,0.0334071
-1.284e-07,0.000102767,0.0334071
-1.282e-07,0.000893281,0.0334071
-1.28e-07,0.000893281,0.0334071
-1.278e-07,0.000102767,0.0334071
-1.276e-07,0.000102767,0.025502
-1.274e-07,0.000102767,0.025502
-1.272e-07,0.000102767,0.025502
-1.27e-07,0.000102767,0.025502
-1.268e-07,0.000102767,0.025502
-1.266e-07,0.000102767,0.0334071
-1.264e-07,0.000102767,0.0334071
-1.262e-07,0.000102767,0.0334071
-1.26e-07,0.000102767,0.0334071
-1.258e-07,0.000102767,0.0334071
-1.256e-07,0.000102767,0.0334071
-1.254e-07,0.000102767,0.0334071
-1.252e-07,0.000102767,0.0334071
-1.25e-07,0.000102767,0.0334071
-1.248e-07,0.000102767,0.0334071
-1.246e-07,0.000102767,0.0334071
-1.244e-07,0.000102767,0.0334071
-1.242e-07,0.000102767,0.0334071
-1.24e-07,0.000102767,0.0334071
-1.238e-07,0.000102767,0.0334071
-1.236e-07,0.000102767,0.0334071
-1.234e-07,0.000102767,0.0334071
-1.232e-07,0.000102767,0.0334071
-1.23e-07,0.000102767,0.0334071
-1.228e-07,0.000102767,0.0334071
-1.226e-07,0.000102767,0.0334071
-1.224e-07,0.000102767,0.0334071
-1.222e-07,0.000102767,0.0334071
-1.22e-07,0.000102767,0.0334071
-1.218e-07,0.000102767,0.0334071
-1.216e-07,0.000102767,0.0334071
-1.214e-07,0.000102767,0.0334071
-1.212e-07,0.000893281,0.0334071
-1.21e-07,0.000893281,0.0334071
-1.208e-07,0.000893281,0.0334071
-1.206e-07,0.000893281,0.025502
-1.204e-07,0.000893281,0.025502
-1.202e-07,0.000893281,0.025502
-1.2e-07,0.000102767,0.025502
-1.198e-07,0.000102767,0.025502
-1.196e-07,0.000102767,0.0334071
-1.194e-07,0.000102767,0.0334071
-1.192e-07,0.000102767,0.0334071
-1.19e-07,0.000102767,0.0334071
-1.188e-07,0.000102767,0.0334071
-1.186e-07,0.000102767,0.0334071
-1.184e-07,0.000102767,0.0334071
-1.182e-07,0.000102767,0.0334071
-1.18e-07,0.000102767,0.0334071
-1.178e-07,0.000102767,0.0334071
-1.176e-07,0.000102767,0.0334071
-1.174e-07,0.000102767,0.025502
-1.172e-07,0.000102767,0.025502
-1.17e-07,-0.000687747,0.025502
-1.168e-07,0.000102767,0.025502
-1.166e-07,0.000102767,0.025502
-1.164e-07,0.000102767,0.0334071
-1.162e-07,0.000102767,0.0334071
-1.16e-07,0.000102767,0.0334071
-1.158e-07,0.000102767,0.0334071
-1.156e-07,0.000102767,0.0334071
-1.154e-07,0.000102767,0.0334071
-1.152e-07,0.000102767,0.0334071
-1.15e-07,0.000102767,0.0334071
-1.148e-07,0.000102767,0.0334071
-1.146e-07,0.000102767,0.0334071
-1.144e-07,0.000102767,0.0334071
-1.142e-07,0.000102767,0.0334071
-1.14e-07,0.000102767,0.0334071
-1.138e-07,0.000102767,0.0334071
-1.136e-07,0.000102767,0.0334071
-1.134e-07,0.000102767,0.0334071
-1.132e-07,0.000102767,0.0334071
-1.13e-07,0.000893281,0.0413123
-1.128e-07,0.000893281,0.0413123
-1.126e-07,0.000893281,0.0413123
-1.124e-07,0.000893281,0.0413123
-1.122e-07,0.000893281,0.0413123
-1.12e-07,0.000893281,0.0334071
-1.118e-07,0.000102767,0.0334071
-1.116e-07,0.000102767,0.0334071
-1.114e-07,0.000102767,0.0334071
-1.112e-07,0.000893281,0.0334071
-1.11e-07,0.000893281,0.0334071
-1.108e-07,0.000893281,0.0334071
-1.106e-07,0.000102767,0.0334071
-1.104e-07,0.000102767,0.0334071
-1.102e-07,0.000102767,0.0334071
-1.1e-07,0.000893281,0.0334071
-1.098e-07,0.000102767,0.0334071
-1.096e-07,0.000102767,0.0334071
-1.094e-07,0.000102767,0.0334071
-1.092e-07,0.000102767,0.0334071
-1.09e-07,0.000893281,0.0334071
-1.088e-07,0.000893281,0.0334071
-1.086e-07,0.000893281,0.0334071
-1.084e-07,0.000893281,0.0334071
-1.082e-07,0.000893281,0.0334071
-1.08e-07,0.000893281,0.0334071
-1.078e-07,0.000102767,0.0334071
-1.076e-07,0.000893281,0.0334071
-1.074e-07,0.000893281,0.0334071
-1.072e-07,0.000102767,0.0334071
-1.07e-07,0.000102767,0.0334071
-1.068e-07,0.000102767,0.0334071
-1.066e-07,0.000102767,0.0334071
-1.064e-07,0.000102767,0.0334071
-1.062e-07,0.000102767,0.0334071
-1.06e-07,0.000102767,0.025502
-1.058e-07,0.000102767,0.025502
-1.056e-07,0.000102767,0.025502
-1.054e-07,0.000102767,0.025502
-1.052e-07,0.000102767,0.0334071
-1.05e-07,0.000102767,0.0334071
-1.048e-07,0.000102767,0.0334071
-1.046e-07,0.000102767,0.0334071
-1.044e-07,-0.000687747,0.0334071
-1.042e-07,0.000102767,0.025502
-1.04e-07,0.000102767,0.025502
-1.038e-07,0.000102767,0.0334071
-1.036e-07,0.000102767,0.0334071
-1.034e-07,0.000102767,0.0334071
-1.032e-07,0.000102767,0.0334071
-1.03e-07,0.000102767,0.025502
-1.028e-07,0.000102767,0.025502
-1.026e-07,0.000102767,0.025502
-1.024e-07,0.000102767,0.0334071
-1.022e-07,0.000102767,0.0334071
-1.02e-07,0.000102767,0.0334071
-1.018e-07,0.000102767,0.0334071
-1.016e-07,0.000102767,0.0334071
-1.014e-07,0.000893281,0.0334071
-1.012e-07,0.000893281,0.0334071
-1.01e-07,0.000893281,0.0334071
-1.008e-07,0.000893281,0.0334071
-1.006e-07,0.000893281,0.0334071
-1.004e-07,0.000893281,0.0334071
-1.002e-07,0.000893281,0.0334071
-1e-07,0.000893281,0.0334071
-9.98e-08,0.000893281,0.0334071
-9.96e-08,0.000893281,0.0334071
-9.94e-08,0.000893281,0.0334071
-9.92e-08,0.000893281,0.0334071
-9.9e-08,0.000893281,0.0334071
-9.88e-08,0.000102767,0.0334071
-9.86e-08,0.000102767,0.0334071
-9.84e-08,0.000102767,0.0334071
-9.82e-08,0.000102767,0.0334071
-9.8e-08,0.000102767,0.0334071
-9.78e-08,0.000102767,0.025502
-9.76e-08,0.000102767,0.025502
-9.74e-08,0.000102767,0.025502
-9.72e-08,0.000102767,0.025502
-9.7e-08,0.000102767,0.025502
-9.68e-08,0.000102767,0.025502
-9.66e-08,0.000102767,0.0334071
-9.64e-08,0.000102767,0.0334071
-9.62e-08,0.000102767,0.0334071
-9.6e-08,0.000893281,0.0334071
-9.58e-08,0.000893281,0.0334071
-9.56e-08,0.000893281,0.0334071
-9.54e-08,0.000893281,0.0334071
-9.52e-08,0.000102767,0.0334071
-9.5e-08,0.000102767,0.0334071
-9.48e-08,0.000102767,0.0334071
-9.46e-08,0.000102767,0.0334071
-9.44e-08,0.000102767,0.0334071
-9.42e-08,0.000102767,0.0334071
-9.4e-08,0.000102767,0.0334071
-9.38e-08,0.000893281,0.0334071
-9.36e-08,0.000893281,0.025502
-9.34e-08,0.000893281,0.025502
-9.32e-08,0.000102767,0.025502
-9.3e-08,0.000102767,0.025502
-9.28e-08,0.000102767,0.025502
-9.26e-08,0.000102767,0.0334071
-9.24e-08,0.000102767,0.0334071
-9.22e-08,-0.000687747,0.0334071
-9.2e-08,0.000102767,0.0334071
-9.18e-08,0.000102767,0.0334071
-9.16e-08,0.000102767,0.0334071
-9.14e-08,0.000102767,0.0334071
-9.12e-08,0.000102767,0.0334071
-9.1e-08,0.000102767,0.0334071
-9.08e-08,0.000102767,0.0334071
-9.06e-08,0.000102767,0.0334071
-9.04e-08,0.000102767,0.0334071
-9.02e-08,0.000102767,0.025502
-9e-08,0.000102767,0.025502
-8.98e-08,0.000102767,0.025502
-8.96e-08,0.000102767,0.025502
-8.94e-08,0.000102767,0.025502
-8.92e-08,0.000102767,0.0334071
-8.9e-08,0.000102767,0.0334071
-8.88e-08,0.000102767,0.0334071
-8.86e-08,0.000102767,0.0334071
-8.84e-08,0.000102767,0.0334071
-8.82e-08,0.000102767,0.0334071
-8.8e-08,0.000102767,0.0334071
-8.78e-08,0.000102767,0.0334071
-8.76e-08,0.000102767,0.0334071
-8.74e-08,0.000102767,0.0334071
-8.72e-08,0.000102767,0.025502
-8.7e-08,0.000102767,0.025502
-8.68e-08,0.000102767,0.025502
-8.66e-08,0.000102767,0.025502
-8.64e-08,0.000102767,0.025502
-8.62e-08,0.000102767,0.025502
-8.6e-08,0.000893281,0.025502
-8.58e-08,0.000893281,0.025502
-8.56e-08,0.000893281,0.025502
-8.54e-08,0.000893281,0.025502
-8.52e-08,0.000893281,0.025502
-8.5e-08,0.000893281,0.025502
-8.48e-08,0.000102767,0.025502
-8.46e-08,0.000102767,0.025502
-8.44e-08,0.000102767,0.025502
-8.42e-08,0.000102767,0.025502
-8.4e-08,0.000102767,0.025502
-8.38e-08,0.000102767,0.0334071
-8.36e-08,0.000102767,0.0334071
-8.34e-08,0.000102767,0.0334071
-8.32e-08,0.000102767,0.0334071
-8.3e-08,0.000102767,0.0334071
-8.28e-08,0.000102767,0.0334071
-8.26e-08,0.000102767,0.0334071
-8.24e-08,0.000893281,0.0334071
-8.22e-08,0.000893281,0.025502
-8.2e-08,0.000893281,0.025502
-8.18e-08,0.000893281,0.0334071
-8.16e-08,0.000893281,0.0334071
-8.14e-08,0.000893281,0.0334071
-8.12e-08,0.000893281,0.0334071
-8.1e-08,0.000893281,0.0334071
-8.08e-08,0.000102767,0.0334071
-8.06e-08,0.000102767,0.0334071
-8.04e-08,0.000102767,0.0334071
-8.02e-08,0.000102767,0.0334071
-8e-08,0.000102767,0.0334071
-7.98e-08,0.000102767,0.0334071
-7.96e-08,0.000102767,0.0334071
-7.94e-08,0.000102767,0.0334071
-7.92e-08,0.000102767,0.0334071
-7.9e-08,0.000102767,0.0334071
-7.88e-08,0.000102767,0.0334071
-7.86e-08,0.000893281,0.0334071
-7.84e-08,0.000893281,0.0334071
-7.82e-08,0.000893281,0.0334071
-7.8e-08,0.000893281,0.0334071
-7.78e-08,0.000893281,0.0334071
-7.76e-08,0.000102767,0.0334071
-7.74e-08,0.000893281,0.0334071
-7.72e-08,0.000893281,0.025502
-7.7e-08,0.000893281,0.025502
-7.68e-08,0.000893281,0.0334071
-7.66e-08,0.000893281,0.0334071
-7.64e-08,0.000893281,0.0334071
-7.62e-08,0.000893281,0.0334071
-7.6e-08,0.000102767,0.0334071
-7.58e-08,0.000102767,0.0334071
-7.56e-08,0.000102767,0.0334071
-7.54e-08,0.000102767,0.0334071
-7.52e-08,0.000893281,0.0334071
-7.5e-08,0.000893281,0.0334071
-7.48e-08,0.000893281,0.0334071
-7.46e-08,0.000893281,0.0334071
-7.44e-08,0.000893281,0.025502
-7.42e-08,0.000893281,0.025502
-7.4e-08,0.000893281,0.025502
-7.38e-08,0.000893281,0.025502
-7.36e-08,0.000893281,0.025502
-7.34e-08,0.000893281,0.0334071
-7.32e-08,0.000893281,0.0334071
-7.3e-08,0.000893281,0.0334071
-7.28e-08,0.000893281,0.0334071
-7.26e-08,0.000893281,0.025502
-7.24e-08,0.000102767,0.025502
-7.22e-08,0.000102767,0.0334071
-7.2e-08,0.000102767,0.0334071
-7.18e-08,0.000893281,0.0334071
-7.16e-08,0.000102767,0.0334071
-7.14e-08,0.000102767,0.025502
-7.12e-08,0.000102767,0.025502
-7.1e-08,0.000102767,0.025502
-7.08e-08,0.000102767,0.025502
-7.06e-08,0.000102767,0.0334071
-7.04e-08,0.000102767,0.0334071
-7.02e-08,0.000102767,0.0334071
-7e-08,0.000102767,0.025502
-6.98e-08,0.000102767,0.025502
-6.96e-08,0.000102767,0.025502
-6.94e-08,0.000102767,0.025502
-6.92e-08,0.000102767,0.0334071
-6.9e-08,0.000102767,0.0334071
-6.88e-08,0.000102767,0.0334071
-6.86e-08,0.000102767,0.0334071
-6.84e-08,0.000102767,0.0334071
-6.82e-08,0.000102767,0.0334071
-6.8e-08,0.000102767,0.0334071
-6.78e-08,0.000102767,0.0334071
-6.76e-08,0.000102767,0.0334071
-6.74e-08,0.000102767,0.0334071
-6.72e-08,0.000102767,0.0334071
-6.7e-08,0.000102767,0.0334071
-6.68e-08,0.000102767,0.0334071
-6.66e-08,0.000102767,0.0334071
-6.64e-08,0.000102767,0.0334071
-6.62e-08,0.000102767,0.0413123
-6.6e-08,0.000893281,0.0413123
-6.58e-08,0.000893281,0.0334071
-6.56e-08,0.000893281,0.0334071
-6.54e-08,0.000893281,0.0334071
-6.52e-08,0.000102767,0.0334071
-6.5e-08,0.000102767,0.0334071
-6.48e-08,0.000102767,0.025502
-6.46e-08,0.000102767,0.025502
-6.44e-08,0.000102767,0.025502
-6.42e-08,0.000102767,0.025502
-6.4e-08,0.000102767,0.025502
-6.38e-08,0.000102767,0.025502
-6.36e-08,0.000102767,0.025502
-6.34e-08,0.000102767,0.025502
-6.32e-08,0.000102767,0.025502
-6.3e-08,0.000102767,0.025502
-6.28e-08,0.000102767,0.025502
-6.26e-08,0.000102767,0.025502
-6.24e-08,-0.000687747,0.025502
-6.22e-08,-0.000687747,0.025502
-6.2e-08,-0.000687747,0.025502
-6.18e-08,0.000102767,0.025502
-6.16e-08,0.000102767,0.025502
-6.14e-08,0.000102767,0.025502
-6.12e-08,0.000102767,0.025502
-6.1e-08,0.000102767,0.025502
-6.08e-08,0.000102767,0.025502
-6.06e-08,0.000102767,0.025502
-6.04e-08,0.000893281,0.025502
-6.02e-08,0.000893281,0.025502
-6e-08,0.000893281,0.0334071
-5.98e-08,0.000893281,0.025502
-5.96e-08,0.000893281,0.025502
-5.94e-08,0.000893281,0.025502
-5.92e-08,0.000893281,0.025502
-5.9e-08,0.000893281,0.025502
-5.88e-08,0.000893281,0.025502
-5.86e-08,0.000893281,0.0334071
-5.84e-08,0.000893281,0.0334071
-5.82e-08,0.000893281,0.0334071
-5.8e-08,0.000893281,0.0334071
-5.78e-08,0.000893281,0.0334071
-5.76e-08,0.000893281,0.0334071
-5.74e-08,0.000893281,0.0334071
-5.72e-08,0.000893281,0.0334071
-5.7e-08,0.000893281,0.0334071
-5.68e-08,0.000102767,0.0334071
-5.66e-08,0.000102767,0.0334071
-5.64e-08,0.000102767,0.0334071
-5.62e-08,0.000102767,0.0334071
-5.6e-08,0.000102767,0.0334071
-5.58e-08,0.000102767,0.0334071
-5.56e-08,0.000102767,0.0334071
-5.54e-08,0.000102767,0.0334071
-5.52e-08,0.000102767,0.0334071
-5.5e-08,0.000102767,0.0334071
-5.48e-08,0.000102767,0.0334071
-5.46e-08,0.000102767,0.0334071
-5.44e-08,0.000102767,0.0334071
-5.42e-08,0.000102767,0.0334071
-5.4e-08,0.000102767,0.0334071
-5.38e-08,0.000102767,0.0334071
-5.36e-08,0.000102767,0.0334071
-5.34e-08,0.000893281,0.0334071
-5.32e-08,0.000893281,0.0334071
-5.3e-08,0.000893281,0.0334071
-5.28e-08,0.000893281,0.0334071
-5.26e-08,0.000893281,0.0334071
-5.24e-08,0.000893281,0.0334071
-5.22e-08,0.000893281,0.0334071
-5.2e-08,0.000893281,0.0334071
-5.18e-08,0.000893281,0.0334071
-5.16e-08,0.000893281,0.0334071
-5.14e-08,0.000893281,0.0334071
-5.12e-08,0.000102767,0.0334071
-5.1e-08,0.000102767,0.0334071
-5.08e-08,0.000102767,0.0334071
-5.06e-08,0.000102767,0.0334071
-5.04e-08,0.000102767,0.0334071
-5.02e-08,0.000102767,0.0334071
-5e-08,0.000102767,0.0334071
-4.98e-08,0.000102767,0.0334071
-4.96e-08,0.000102767,0.0334071
-4.94e-08,0.000102767,0.025502
-4.92e-08,0.000102767,0.025502
-4.9e-08,0.000102767,0.0334071
-4.88e-08,0.000102767,0.0334071
-4.86e-08,0.000102767,0.0334071
-4.84e-08,0.000102767,0.0334071
-4.82e-08,0.000893281,0.0334071
-4.8e-08,0.000893281,0.0334071
-4.78e-08,0.000893281,0.0334071
-4.76e-08,0.000893281,0.0334071
-4.74e-08,0.000102767,0.0334071
-4.72e-08,0.000102767,0.0334071
-4.7e-08,0.000102767,0.0334071
-4.68e-08,0.000102767,0.0334071
-4.66e-08,0.000102767,0.0334071
-4.64e-08,0.000102767,0.0334071
-4.62e-08,0.000102767,0.0334071
-4.6e-08,0.000893281,0.0334071
-4.58e-08,0.000893281,0.0334071
-4.56e-08,0.000893281,0.0334071
-4.54e-08,0.000102767,0.025502
-4.52e-08,0.000102767,0.025502
-4.5e-08,0.000102767,0.025502
-4.48e-08,0.000102767,0.025502
-4.46e-08,0.000893281,0.025502
-4.44e-08,0.000893281,0.0334071
-4.42e-08,0.000893281,0.0334071
-4.4e-08,0.000102767,0.0334071
-4.38e-08,0.000102767,0.0334071
-4.36e-08,0.000102767,0.0334071
-4.34e-08,0.000102767,0.0334071
-4.32e-08,0.000893281,0.0334071
-4.3e-08,0.000893281,0.0334071
-4.28e-08,0.000893281,0.0334071
-4.26e-08,0.000893281,0.025502
-4.24e-08,0.000893281,0.025502
-4.22e-08,0.000893281,0.025502
-4.2e-08,0.000893281,0.0334071
-4.18e-08,0.000893281,0.0334071
-4.16e-08,0.000893281,0.0334071
-4.14e-08,0.000893281,0.0334071
-4.12e-08,0.000893281,0.0334071
-4.1e-08,0.000893281,0.0334071
-4.08e-08,0.000102767,0.0334071
-4.06e-08,0.000102767,0.0334071
-4.04e-08,0.000102767,0.0334071
-4.02e-08,0.000102767,0.0334071
-4e-08,0.000102767,0.025502
-3.98e-08,0.000102767,0.025502
-3.96e-08,0.000893281,0.025502
-3.94e-08,0.000893281,0.025502
-3.92e-08,0.000893281,0.025502
-3.9e-08,0.000893281,0.0334071
-3.88e-08,0.000102767,0.0334071
-3.86e-08,0.000893281,0.0334071
-3.84e-08,0.000893281,0.0334071
-3.82e-08,0.000893281,0.0334071
-3.8e-08,0.000893281,0.0334071
-3.78e-08,0.000893281,0.0334071
-3.76e-08,0.000893281,0.0334071
-3.74e-08,0.000893281,0.0334071
-3.72e-08,0.000893281,0.025502
-3.7e-08,0.000893281,0.025502
-3.68e-08,0.000893281,0.0334071
-3.66e-08,0.000893281,0.025502
-3.64e-08,0.000893281,0.025502
-3.62e-08,0.000893281,0.025502
-3.6e-08,0.000102767,0.025502
-3.58e-08,0.000102767,0.025502
-3.56e-08,0.000102767,0.025502
-3.54e-08,0.000102767,0.025502
-3.52e-08,0.000102767,0.025502
-3.5e-08,0.000893281,0.025502
-3.48e-08,0.000893281,0.025502
-3.46e-08,0.000893281,0.025502
-3.44e-08,0.000893281,0.025502
-3.42e-08,0.000893281,0.025502
-3.4e-08,0.000893281,0.025502
-3.38e-08,0.000893281,0.025502
-3.36e-08,0.000893281,0.025502
-3.34e-08,0.000893281,0.025502
-3.32e-08,0.000102767,0.025502
-3.3e-08,0.000102767,0.025502
-3.28e-08,0.000102767,0.025502
-3.26e-08,0.000102767,0.025502
-3.24e-08,0.000102767,0.0334071
-3.22e-08,0.000893281,0.0334071
-3.2e-08,0.000893281,0.0334071
-3.18e-08,0.000893281,0.0334071
-3.16e-08,0.000102767,0.0334071
-3.14e-08,0.000102767,0.0334071
-3.12e-08,0.000102767,0.025502
-3.1e-08,0.000102767,0.025502
-3.08e-08,0.000102767,0.025502
-3.06e-08,0.000102767,0.025502
-3.04e-08,0.000102767,0.025502
-3.02e-08,0.000102767,0.0334071
-3e-08,0.000102767,0.0334071
-2.98e-08,0.000102767,0.0334071
-2.96e-08,0.000102767,0.0334071
-2.94e-08,0.000893281,0.0334071
-2.92e-08,0.000893281,0.0334071
-2.9e-08,0.000102767,0.0334071
-2.88e-08,0.000102767,0.0334071
-2.86e-08,0.000102767,0.0334071
-2.84e-08,0.000102767,0.0334071
-2.82e-08,0.000102767,0.0334071
-2.8e-08,0.000102767,0.0334071
-2.78e-08,0.000102767,0.0334071
-2.76e-08,0.000102767,0.0334071
-2.74e-08,0.000102767,0.0334071
-2.72e-08,0.000102767,0.0334071
-2.7e-08,0.000893281,0.0334071
-2.68e-08,0.000893281,0.0334071
-2.66e-08,0.000893281,0.0334071
-2.64e-08,0.000893281,0.0334071
-2.62e-08,0.000893281,0.0334071
-2.6e-08,0.000893281,0.0334071
-2.58e-08,0.000893281,0.0334071
-2.56e-08,0.000893281,0.0334071
-2.54e-08,0.000893281,0.025502
-2.52e-08,0.000893281,0.025502
-2.5e-08,0.000893281,0.025502
-2.48e-08,0.000893281,0.025502
-2.46e-08,0.000893281,0.025502
-2.44e-08,0.000102767,0.0334071
-2.42e-08,0.000102767,0.025502
-2.4e-08,0.000102767,0.0334071
-2.38e-08,0.000102767,0.0334071
-2.36e-08,0.000102767,0.0334071
-2.34e-08,0.000102767,0.0334071
-2.32e-08,0.000102767,0.0334071
-2.3e-08,0.000102767,0.0334071
-2.28e-08,0.000102767,0.0334071
-2.26e-08,0.000102767,0.0334071
-2.24e-08,0.000102767,0.0334071
-2.22e-08,0.000102767,0.0334071
-2.2e-08,0.000102767,0.0334071
-2.18e-08,0.000102767,0.0334071
-2.16e-08,0.000102767,0.0334071
-2.14e-08,0.000102767,0.025502
-2.12e-08,0.000893281,0.025502
-2.1e-08,0.000893281,0.025502
-2.08e-08,0.000893281,0.025502
-2.06e-08,0.000893281,0.025502
-2.04e-08,0.000102767,0.0334071
-2.02e-08,0.000102767,0.0334071
-2e-08,0.000102767,0.0334071
-1.98e-08,0.000102767,0.0334071
-1.96e-08,0.000102767,0.0334071
-1.94e-08,0.000102767,0.0334071
-1.92e-08,0.000102767,0.0334071
-1.9e-08,0.000102767,0.0334071
-1.88e-08,0.000102767,0.0334071
-1.86e-08,0.000102767,0.0334071
-1.84e-08,0.000102767,0.0334071
-1.82e-08,0.000102767,0.025502
-1.8e-08,0.000893281,0.025502
-1.78e-08,0.000893281,0.0334071
-1.76e-08,0.000893281,0.0334071
-1.74e-08,0.000102767,0.0334071
-1.72e-08,0.000102767,0.0334071
-1.7e-08,0.000893281,0.0334071
-1.68e-08,0.000893281,0.0334071
-1.66e-08,0.000893281,0.0334071
-1.64e-08,0.000893281,0.0334071
-1.62e-08,0.000893281,0.0334071
-1.6e-08,0.000893281,0.0334071
-1.58e-08,0.000893281,0.0334071
-1.56e-08,0.000893281,0.0334071
-1.54e-08,0.000893281,0.0334071
-1.52e-08,0.000893281,0.0334071
-1.5e-08,0.00168379,0.0334071
-1.48e-08,0.00168379,0.0334071
-1.46e-08,0.00247431,0.0334071
-1.44e-08,0.00326482,0.0334071
-1.42e-08,0.00405534,0.0334071
-1.4e-08,0.00484585,0.0334071
-1.38e-08,0.00563636,0.0334071
-1.36e-08,0.00563636,0.0334071
-1.34e-08,0.00642688,0.0334071
-1.32e-08,0.00721739,0.0334071
-1.3e-08,0.00721739,0.0334071
-1.28e-08,0.00800791,0.0334071
-1.26e-08,0.00879842,0.0334071
-1.24e-08,0.00958893,0.0334071
-1.22e-08,0.0103794,0.0334071
-1.2e-08,0.01117,0.0334071
-1.18e-08,0.0119605,0.0334071
-1.16e-08,0.012751,0.0334071
-1.14e-08,0.014332,0.0334071
-1.12e-08,0.0151225,0.0334071
-1.1e-08,0.015913,0.025502
-1.08e-08,0.0167036,0.0334071
-1.06e-08,0.0174941,0.0334071
-1.04e-08,0.0182846,0.0334071
-1.02e-08,0.0190751,0.0334071
-1e-08,0.0198656,0.0334071
-9.8e-09,0.0214466,0.0334071
-9.6e-09,0.0222372,0.0334071
-9.4e-09,0.0238182,0.0334071
-9.2e-09,0.0246087,0.0334071
-9e-09,0.0261897,0.025502
-8.8e-09,0.0269802,0.025502
-8.6e-09,0.0277708,0.025502
-8.4e-09,0.0293518,0.025502
-8.2e-09,0.0301423,0.0334071
-8e-09,0.0309328,0.0334071
-7.8e-09,0.0317233,0.0334071
-7.6e-09,0.0325138,0.0334071
-7.4e-09,0.0340949,0.0334071
-7.2e-09,0.0348854,0.0334071
-7e-09,0.0356759,0.0334071
-6.8e-09,0.0364664,0.0334071
-6.6e-09,0.0372569,0.0334071
-6.4e-09,0.0380474,0.0334071
-6.2e-09,0.0388379,0.0334071
-6e-09,0.0396285,0.0334071
-5.8e-09,0.040419,0.0334071
-5.6e-09,0.0412095,0.0334071
-5.4e-09,0.042,0.0334071
-5.2e-09,0.0427905,0.0334071
-5e-09,0.043581,0.0334071
-4.8e-09,0.0443715,0.0334071
-4.6e-09,0.0443715,0.0334071
-4.4e-09,0.0451621,0.0334071
-4.2e-09,0.0451621,0.0334071
-4e-09,0.0459526,0.0334071
-3.8e-09,0.0467431,0.0334071
-3.6e-09,0.0475336,0.0413123
-3.4e-09,0.0475336,0.0413123
-3.2e-09,0.0483241,0.0413123
-3e-09,0.0491146,0.0413123
-2.8e-09,0.0499051,0.0413123
-2.6e-09,0.0506957,0.0334071
-2.4e-09,0.0506957,0.0334071
-2.2e-09,0.0514862,0.0334071
-2e-09,0.0522767,0.0334071
-1.8e-09,0.0522767,0.0334071
-1.6e-09,0.0530672,0.0334071
-1.4e-09,0.0530672,0.0334071
-1.2e-09,0.0538577,0.0413123
-1e-09,0.0546482,0.0413123
-8e-10,0.0554387,0.0413123
-6e-10,0.0562292,0.0413123
-4e-10,0.0570198,0.0413123
-2e-10,0.0578103,0.0413123
0,0.0586008,0.0413123
2e-10,0.0586008,0.0413123
4e-10,0.0593913,0.0413123
6e-10,0.0601818,0.0413123
8e-10,0.0617628,0.0413123
1e-09,0.0625534,0.0413123
1.2e-09,0.0633439,0.0413123
1.4e-09,0.0641344,0.0413123
1.6e-09,0.0649249,0.0413123
1.8e-09,0.0657154,0.0492174
2e-09,0.0672964,0.0492174
2.2e-09,0.068087,0.0492174
2.4e-09,0.0688775,0.0492174
2.6e-09,0.069668,0.0492174
2.8e-09,0.071249,0.0571225
3e-09,0.0720395,0.0571225
3.2e-09,0.0736206,0.0571225
3.4e-09,0.0744111,0.0650277
3.6e-09,0.0752016,0.0650277
3.8e-09,0.0767826,0.0729328
4e-09,0.0775731,0.0729328
4.2e-09,0.0783636,0.0729328
4.4e-09,0.0791541,0.0808379
4.6e-09,0.0799447,0.0808379
4.8e-09,0.0807352,0.0887431
5e-09,0.0815257,0.0887431
5.2e-09,0.0823162,0.0966482
5.4e-09,0.0831067,0.0966482
5.6e-09,0.0838972,0.104553
5.8e-09,0.0846877,0.112458
6e-09,0.0854783,0.112458
6.2e-09,0.0862688,0.120364
6.4e-09,0.0870593,0.120364
6.6e-09,0.0886403,0.128269
6.8e-09,0.0894308,0.136174
7e-09,0.0902213,0.144079
7.2e-09,0.0902213,0.151984
7.4e-09,0.0910119,0.151984
7.6e-09,0.0918024,0.159889
7.8e-09,0.0918024,0.159889
8e-09,0.0918024,0.167794
8.2e-09,0.0925929,0.1757
8.4e-09,0.0925929,0.183605
8.6e-09,0.0933834,0.183605
8.8e-09,0.0933834,0.19151
9e-09,0.0941739,0.19151
9.2e-09,0.0941739,0.199415
9.4e-09,0.0949644,0.199415
9.6e-09,0.0949644,0.20732
9.8e-09,0.0949644,0.20732
1e-08,0.0949644,0.215225
1.02e-08,0.0941739,0.22313
1.04e-08,0.0941739,0.238941
1.06e-08,0.0949644,0.246846
1.08e-08,0.0949644,0.254751
1.1e-08,0.0949644,0.262656
1.12e-08,0.0949644,0.270561
1.14e-08,0.0957549,0.278466
1.16e-08,0.0949644,0.286372
1.18e-08,0.0949644,0.286372
1.2e-08,0.0949644,0.294277
1.22e-08,0.0949644,0.302182
1.24e-08,0.0949644,0.302182
1.26e-08,0.0949644,0.310087
1.28e-08,0.0949644,0.317992
1.3e-08,0.0949644,0.325897
1.32e-08,0.0949644,0.333802
1.34e-08,0.0949644,0.333802
1.36e-08,0.0949644,0.341707
1.38e-08,0.0949644,0.349613
1.4e-08,0.0949644,0.357518
1.42e-08,0.0949644,0.365423
1.44e-08,0.0949644,0.373328
1.46e-08,0.0949644,0.381233
1.48e-08,0.0949644,0.389138
1.5e-08,0.0949644,0.397043
1.52e-08,0.0949644,0.404949
1.54e-08,0.0949644,0.412854
1.56e-08,0.0949644,0.420759
1.58e-08,0.0949644,0.428664
1.6e-08,0.0949644,0.436569
1.62e-08,0.0949644,0.452379
1.64e-08,0.0949644,0.460285
1.66e-08,0.0949644,0.460285
1.68e-08,0.0949644,0.46819
1.7e-08,0.0957549,0.476095
1.72e-08,0.0957549,0.484
1.74e-08,0.0957549,0.491905
1.76e-08,0.0965455,0.49981
1.78e-08,0.0965455,0.507715
1.8e-08,0.0957549,0.515621
1.82e-08,0.0957549,0.515621
1.84e-08,0.0957549,0.523526
1.86e-08,0.0957549,0.531431
1.88e-08,0.0957549,0.539336
1.9e-08,0.0957549,0.547241
1.92e-08,0.0957549,0.555146
1.94e-08,0.0965455,0.570957
1.96e-08,0.0965455,0.578862
1.98e-08,0.0965455,0.586767
2e-08,0.0965455,0.594672
2.02e-08,0.0965455,0.602577
2.04e-08,0.0965455,0.610482
2.06e-08,0.0965455,0.618387
2.08e-08,0.0965455,0.626292
2.1e-08,0.097336,0.634198
2.12e-08,0.097336,0.642103
2.14e-08,0.097336,0.642103
2.16e-08,0.097336,0.657913
2.18e-08,0.097336,0.665818
2.2e-08,0.097336,0.673723
2.22e-08,0.0981265,0.681628
2.24e-08,0.0981265,0.689534
2.26e-08,0.0981265,0.697439
2.28e-08,0.0981265,0.697439
2.3e-08,0.0981265,0.705344
2.32e-08,0.0981265,0.713249
2.34e-08,0.0981265,0.721154
2.36e-08,0.0981265,0.729059
2.38e-08,0.0981265,0.736964
2.4e-08,0.0981265,0.74487
2.42e-08,0.0981265,0.752775
2.44e-08,0.0981265,0.76068
2.46e-08,0.098917,0.768585
2.48e-08,0.098917,0.768585
2.5e-08,0.098917,0.77649
2.52e-08,0.098917,0.784395
2.54e-08,0.098917,0.7923
2.56e-08,0.098917,0.800206
2.58e-08,0.098917,0.808111
2.6e-08,0.098917,0.808111
2.62e-08,0.098917,0.816016
2.64e-08,0.098917,0.823921
2.66e-08,0.098917,0.831826
2.68e-08,0.098917,0.839731
2.7e-08,0.098917,0.847636
2.72e-08,0.098917,0.855542
2.74e-08,0.098917,0.863447
2.76e-08,0.098917,0.871352
2.78e-08,0.098917,0.879257
2.8e-08,0.098917,0.887162
2.82e-08,0.098917,0.887162
2.84e-08,0.098917,0.895067
2.86e-08,0.098917,0.895067
2.88e-08,0.098917,0.902972
2.9e-08,0.098917,0.910877
2.92e-08,0.098917,0.918783
2.94e-08,0.098917,0.918783
2.96e-08,0.098917,0.926688
2.98e-08,0.098917,0.934593
3e-08,0.098917,0.942498
3.02e-08,0.0981265,0.950403
3.04e-08,0.0981265,0.958308
3.06e-08,0.0981265,0.966213
3.08e-08,0.0981265,0.966213
3.1e-08,0.0981265,0.974119
3.12e-08,0.098917,0.974119
3.14e-08,0.098917,0.982024
3.16e-08,0.098917,0.982024
3.18e-08,0.098917,0.989929
3.2e-08,0.098917,0.989929
3.22e-08,0.098917,0.997834
3.24e-08,0.098917,0.997834
3.26e-08,0.098917,1.00574
3.28e-08,0.098917,1.01364
3.3e-08,0.098917,1.02155
3.32e-08,0.0981265,1.02155
3.34e-08,0.098917,1.02945
3.36e-08,0.098917,1.03736
3.38e-08,0.098917,1.04526
3.4e-08,0.098917,1.04526
3.42e-08,0.098917,1.05317
3.44e-08,0.098917,1.06108
3.46e-08,0.098917,1.06108
3.48e-08,0.098917,1.06898
3.5e-08,0.098917,1.07689
3.52e-08,0.098917,1.08479
3.54e-08,0.098917,1.08479
3.56e-08,0.098917,1.0927
3.58e-08,0.098917,1.0927
3.6e-08,0.098917,1.1006
3.62e-08,0.098917,1.1006
3.64e-08,0.098917,1.10851
3.66e-08,0.0997075,1.10851
3.68e-08,0.0997075,1.11641
3.7e-08,0.0997075,1.11641
3.72e-08,0.0997075,1.12432
3.74e-08,0.098917,1.12432
3.76e-08,0.098917,1.12432
3.78e-08,0.098917,1.13222
3.8e-08,0.098917,1.13222
3.82e-08,0.098917,1.14013
3.84e-08,0.098917,1.14013
3.86e-08,0.098917,1.14803
3.88e-08,0.0997075,1.14803
3.9e-08,0.098917,1.15594
3.92e-08,0.098917,1.15594
3.94e-08,0.098917,1.15594
3.96e-08,0.098917,1.15594
3.98e-08,0.098917,1.15594
4e-08,0.098917,1.16384
4.02e-08,0.098917,1.16384
4.04e-08,0.098917,1.17175
4.06e-08,0.098917,1.17965
4.08e-08,0.098917,1.17965
4.1e-08,0.098917,1.17965
4.12e-08,0.098917,1.18756
4.14e-08,0.098917,1.18756
4.16e-08,0.098917,1.18756
4.18e-08,0.098917,1.18756
4.2e-08,0.098917,1.18756
4.22e-08,0.0997075,1.18756
4.24e-08,0.0997075,1.19546
4.26e-08,0.0997075,1.19546
4.28e-08,0.0997075,1.20337
4.3e-08,0.0997075,1.20337
4.32e-08,0.0997075,1.20337
4.34e-08,0.0997075,1.20337
4.36e-08,0.0997075,1.20337
4.38e-08,0.0997075,1.20337
4.4e-08,0.0997075,1.21127
4.42e-08,0.0997075,1.21127
4.44e-08,0.098917,1.21127
4.46e-08,0.098917,1.21127
4.48e-08,0.098917,1.21127
4.5e-08,0.098917,1.21127
4.52e-08,0.098917,1.21127
4.54e-08,0.098917,1.21127
4.56e-08,0.098917,1.21127
4.58e-08,0.098917,1.21127
4.6e-08,0.098917,1.21127
4.62e-08,0.098917,1.21127
4.64e-08,0.098917,1.21918
4.66e-08,0.098917,1.21918
4.68e-08,0.098917,1.21918
4.7e-08,0.098917,1.21918
4.72e-08,0.098917,1.21918
4.74e-08,0.098917,1.21918
4.76e-08,0.098917,1.21918
4.78e-08,0.098917,1.21918
4.8e-08,0.098917,1.22708
4.82e-08,0.098917,1.22708
4.84e-08,0.098917,1.21918
4.86e-08,0.098917,1.21918
4.88e-08,0.0997075,1.21918
4.9e-08,0.0997075,1.21918
4.92e-08,0.0997075,1.21918
4.94e-08,0.0997075,1.21918
4.96e-08,0.0997075,1.21918
4.98e-08,0.0997075,1.21918
5e-08,0.0997075,1.21918
5.02e-08,0.0997075,1.21918
5.04e-08,0.0997075,1.21918
5.06e-08,0.0997075,1.21918
5.08e-08,0.098917,1.21918
5.1e-08,0.098917,1.21918
5.12e-08,0.098917,1.21127
5.14e-08,0.098917,1.21127
5.16e-08,0.098917,1.21127
5.18e-08,0.098917,1.21127
5.2e-08,0.098917,1.20337
5.22e-08,0.098917,1.20337
5.24e-08,0.098917,1.20337
5.26e-08,0.098917,1.20337
5.28e-08,0.098917,1.20337
5.3e-08,0.098917,1.19546
5.32e-08,0.098917,1.19546
5.34e-08,0.098917,1.19546
5.36e-08,0.098917,1.19546
5.38e-08,0.098917,1.19546
5.4e-08,0.098917,1.19546
5.42e-08,0.098917,1.18756
5.44e-08,0.098917,1.18756
5.46e-08,0.098917,1.18756
5.48e-08,0.098917,1.17965
5.5e-08,0.098917,1.17965
5.52e-08,0.098917,1.17965
5.54e-08,0.098917,1.17965
5.56e-08,0.0997075,1.17965
5.58e-08,0.0997075,1.17965
5.6e-08,0.0997075,1.17965
5.62e-08,0.0997075,1.17175
5.64e-08,0.098917,1.17175
5.66e-08,0.098917,1.17175
5.68e-08,0.098917,1.16384
5.7e-08,0.098917,1.16384
5.72e-08,0.098917,1.15594
5.74e-08,0.098917,1.15594
5.76e-08,0.098917,1.15594
5.78e-08,0.098917,1.14803
5.8e-08,0.098917,1.14803
5.82e-08,0.098917,1.14803
5.84e-08,0.098917,1.14013
5.86e-08,0.098917,1.14013
5.88e-08,0.098917,1.13222
5.9e-08,0.098917,1.13222
5.92e-08,0.098917,1.13222
5.94e-08,0.098917,1.12432
5.96e-08,0.098917,1.12432
5.98e-08,0.098917,1.12432
6e-08,0.098917,1.11641
6.02e-08,0.098917,1.11641
6.04e-08,0.098917,1.11641
6.06e-08,0.098917,1.10851
6.08e-08,0.098917,1.10851
6.1e-08,0.098917,1.10851
6.12e-08,0.098917,1.1006
6.14e-08,0.098917,1.1006
6.16e-08,0.098917,1.0927
6.18e-08,0.098917,1.0927
6.2e-08,0.098917,1.08479
6.22e-08,0.098917,1.07689
6.24e-08,0.098917,1.07689
6.26e-08,0.098917,1.07689
6.28e-08,0.098917,1.07689
6.3e-08,0.098917,1.06898
6.32e-08,0.098917,1.06898
6.34e-08,0.0997075,1.06108
6.36e-08,0.0997075,1.06108
6.38e-08,0.0997075,1.05317
6.4e-08,0.0997075,1.05317
6.42e-08,0.0997075,1.04526
6.44e-08,0.0997075,1.04526
6.46e-08,0.0997075,1.03736
6.48e-08,0.0997075,1.03736
6.5e-08,0.0997075,1.02945
6.52e-08,0.0997075,1.02945
6.54e-08,0.0997075,1.02945
6.56e-08,0.0997075,1.02155
6.58e-08,0.0997075,1.01364
6.6e-08,0.0997075,1.01364
6.62e-08,0.0997075,1.00574
6.64e-08,0.098917,0.997834
6.66e-08,0.098917,0.997834
6.68e-08,0.098917,0.997834
6.7e-08,0.098917,0.997834
6.72e-08,0.098917,0.989929
6.74e-08,0.098917,0.989929
6.76e-08,0.098917,0.989929
6.78e-08,0.098917,0.989929
6.8e-08,0.098917,0.982024
6.82e-08,0.098917,0.982024
6.84e-08,0.098917,0.974119
6.86e-08,0.098917,0.974119
6.88e-08,0.098917,0.974119
6.9e-08,0.098917,0.966213
6.92e-08,0.098917,0.966213
6.94e-08,0.098917,0.958308
6.96e-08,0.098917,0.950403
6.98e-08,0.098917,0.950403
7e-08,0.098917,0.950403
7.02e-08,0.098917,0.942498
7.04e-08,0.0997075,0.942498
7.06e-08,0.098917,0.934593
7.08e-08,0.098917,0.926688
7.1e-08,0.098917,0.926688
7.12e-08,0.098917,0.918783
7.14e-08,0.098917,0.918783
7.16e-08,0.098917,0.910877
7.18e-08,0.098917,0.910877
7.2e-08,0.098917,0.902972
7.22e-08,0.098917,0.902972
7.24e-08,0.098917,0.895067
7.26e-08,0.098917,0.895067
7.28e-08,0.098917,0.887162
7.3e-08,0.098917,0.887162
7.32e-08,0.098917,0.879257
7.34e-08,0.0981265,0.879257
7.36e-08,0.0981265,0.871352
7.38e-08,0.0981265,0.871352
7.4e-08,0.0981265,0.863447
7.42e-08,0.0981265,0.863447
7.44e-08,0.0981265,0.863447
7.46e-08,0.0981265,0.855542
7.48e-08,0.098917,0.855542
7.5e-08,0.098917,0.847636
7.52e-08,0.098917,0.847636
7.54e-08,0.098917,0.847636
7.56e-08,0.098917,0.839731
7.58e-08,0.098917,0.839731
7.6e-08,0.098917,0.831826
7.62e-08,0.098917,0.831826
7.64e-08,0.098917,0.823921
7.66e-08,0.098917,0.823921
7.68e-08,0.098917,0.823921
7.7e-08,0.098917,0.823921
7.72e-08,0.098917,0.816016
7.74e-08,0.098917,0.816016
7.76e-08,0.098917,0.816016
7.78e-08,0.098917,0.816016
7.8e-08,0.098917,0.808111
7.82e-08,0.098917,0.808111
7.84e-08,0.098917,0.800206
7.86e-08,0.098917,0.7923
7.88e-08,0.098917,0.7923
7.9e-08,0.098917,0.7923
7.92e-08,0.098917,0.784395
7.94e-08,0.098917,0.784395
7.96e-08,0.098917,0.784395
7.98e-08,0.098917,0.77649
8e-08,0.098917,0.77649
8.02e-08,0.098917,0.768585
8.04e-08,0.098917,0.768585
8.06e-08,0.098917,0.768585
8.08e-08,0.098917,0.768585
8.1e-08,0.098917,0.76068
8.12e-08,0.098917,0.76068
8.14e-08,0.098917,0.752775
8.16e-08,0.098917,0.752775
8.18e-08,0.098917,0.752775
8.2e-08,0.098917,0.74487
8.22e-08,0.098917,0.74487
8.24e-08,0.098917,0.736964
8.26e-08,0.098917,0.736964
8.28e-08,0.098917,0.729059
8.3e-08,0.0997075,0.729059
8.32e-08,0.0997075,0.729059
8.34e-08,0.0997075,0.721154
8.36e-08,0.0997075,0.721154
8.38e-08,0.098917,0.713249
8.4e-08,0.098917,0.713249
8.42e-08,0.098917,0.713249
8.44e-08,0.098917,0.713249
8.46e-08,0.0997075,0.713249
8.48e-08,0.0997075,0.713249
8.5e-08,0.0997075,0.705344
8.52e-08,0.098917,0.705344
8.54e-08,0.098917,0.705344
8.56e-08,0.098917,0.705344
8.58e-08,0.098917,0.697439
8.6e-08,0.098917,0.697439
8.62e-08,0.098917,0.697439
8.64e-08,0.098917,0.697439
8.66e-08,0.098917,0.689534
8.68e-08,0.098917,0.689534
8.7e-08,0.098917,0.681628
8.72e-08,0.098917,0.681628
8.74e-08,0.098917,0.681628
8.76e-08,0.098917,0.681628
8.78e-08,0.098917,0.673723
8.8e-08,0.098917,0.673723
8.82e-08,0.098917,0.673723
8.84e-08,0.098917,0.673723
8.86e-08,0.098917,0.665818
8.88e-08,0.098917,0.665818
8.9e-08,0.098917,0.665818
8.92e-08,0.098917,0.665818
8.94e-08,0.0981265,0.665818
8.96e-08,0.0981265,0.665818
8.98e-08,0.098917,0.657913
9e-08,0.098917,0.657913
9.02e-08,0.098917,0.657913
9.04e-08,0.098917,0.657913
9.06e-08,0.098917,0.650008
9.08e-08,0.098917,0.650008
9.1e-08,0.098917,0.650008
9.12e-08,0.098917,0.650008
9.14e-08,0.098917,0.650008
9.16e-08,0.098917,0.650008
9.18e-08,0.098917,0.650008
9.2e-08,0.098917,0.650008
9.22e-08,0.098917,0.650008
9.24e-08,0.098917,0.642103
9.26e-08,0.098917,0.642103
9.28e-08,0.098917,0.642103
9.3e-08,0.098917,0.642103
9.32e-08,0.098917,0.642103
9.34e-08,0.098917,0.642103
9.36e-08,0.098917,0.642103
9.38e-08,0.098917,0.642103
9.4e-08,0.098917,0.642103
9.42e-08,0.098917,0.634198
9.44e-08,0.098917,0.634198
9.46e-08,0.0997075,0.634198
9.48e-08,0.098917,0.634198
9.5e-08,0.098917,0.634198
9.52e-08,0.098917,0.634198
9.54e-08,0.098917,0.626292
9.56e-08,0.098917,0.626292
9.58e-08,0.098917,0.626292
9.6e-08,0.098917,0.626292
9.62e-08,0.098917,0.626292
9.64e-08,0.098917,0.626292
9.66e-08,0.098917,0.626292
9.68e-08,0.098917,0.626292
9.7e-08,0.098917,0.626292
9.72e-08,0.0997075,0.618387
9.74e-08,0.0997075,0.618387
9.76e-08,0.0997075,0.626292
9.78e-08,0.0997075,0.626292
9.8e-08,0.0997075,0.626292
9.82e-08,0.098917,0.626292
9.84e-08,0.098917,0.626292
9.86e-08,0.098917,0.626292
9.88e-08,0.098917,0.618387
9.9e-08,0.0981265,0.618387
9.92e-08,0.0981265,0.618387
9.94e-08,0.098917,0.618387
9.96e-08,0.098917,0.626292
9.98e-08,0.098917,0.626292
1e-07,0.098917,0.626292
1.002e-07,0.098917,0.626292
1.004e-07,0.098917,0.626292
1.006e-07,0.098917,0.626292
1.008e-07,0.0997075,0.626292
1.01e-07,0.0997075,0.626292
1.012e-07,0.0997075,0.618387
1.014e-07,0.098917,0.618387
1.016e-07,0.098917,0.618387
1.018e-07,0.098917,0.626292
1.02e-07,0.098917,0.626292
1.022e-07,0.098917,0.626292
1.024e-07,0.098917,0.626292
1.026e-07,0.098917,0.634198
1.028e-07,0.098917,0.634198
1.03e-07,0.098917,0.634198
1.032e-07,0.098917,0.634198
1.034e-07,0.098917,0.634198
1.036e-07,0.098917,0.626292
1.038e-07,0.098917,0.626292
1.04e-07,0.098917,0.626292
1.042e-07,0.098917,0.626292
1.044e-07,0.098917,0.634198
1.046e-07,0.098917,0.634198
1.048e-07,0.098917,0.634198
1.05e-07,0.098917,0.642103
1.052e-07,0.098917,0.634198
1.054e-07,0.098917,0.634198
1.056e-07,0.098917,0.634198
1.058e-07,0.098917,0.634198
1.06e-07,0.0997075,0.642103
1.062e-07,0.0997075,0.642103
1.064e-07,0.0997075,0.642103
1.066e-07,0.0997075,0.642103
1.068e-07,0.0997075,0.642103
1.07e-07,0.0997075,0.642103
1.072e-07,0.0997075,0.642103
1.074e-07,0.0997075,0.642103
1.076e-07,0.0997075,0.642103
1.078e-07,0.098917,0.642103
1.08e-07,0.098917,0.642103
1.082e-07,0.098917,0.642103
1.084e-07,0.098917,0.642103
1.086e-07,0.098917,0.650008
1.088e-07,0.098917,0.650008
1.09e-07,0.098917,0.650008
1.092e-07,0.098917,0.650008
1.094e-07,0.098917,0.650008
1.096e-07,0.098917,0.657913
1.098e-07,0.098917,0.657913
1.1e-07,0.098917,0.657913
1.102e-07,0.098917,0.657913
1.104e-07,0.098917,0.657913
1.106e-07,0.098917,0.665818
1.108e-07,0.098917,0.665818
1.11e-07,0.098917,0.665818
1.112e-07,0.098917,0.665818
1.114e-07,0.098917,0.665818
1.116e-07,0.098917,0.665818
1.118e-07,0.098917,0.665818
1.12e-07,0.098917,0.665818
1.122e-07,0.098917,0.665818
1.124e-07,0.098917,0.673723
1.126e-07,0.098917,0.673723
1.128e-07,0.098917,0.673723
1.13e-07,0.0997075,0.681628
1.132e-07,0.0997075,0.681628
1.134e-07,0.0997075,0.681628
1.136e-07,0.098917,0.681628
1.138e-07,0.098917,0.681628
1.14e-07,0.098917,0.681628
1.142e-07,0.098917,0.681628
1.144e-07,0.098917,0.689534
1.146e-07,0.098917,0.689534
1.148e-07,0.098917,0.689534
1.15e-07,0.098917,0.689534
1.152e-07,0.098917,0.697439
1.154e-07,0.098917,0.697439
1.156e-07,0.098917,0.697439
1.158e-07,0.098917,0.697439
1.16e-07,0.098917,0.697439
1.162e-07,0.098917,0.705344
1.164e-07,0.098917,0.705344
1.166e-07,0.098917,0.705344
1.168e-07,0.098917,0.705344
1.17e-07,0.098917,0.705344
1.172e-07,0.098917,0.705344
1.174e-07,0.098917,0.713249
1.176e-07,0.098917,0.713249
1.178e-07,0.098917,0.713249
1.18e-07,0.098917,0.721154
1.182e-07,0.098917,0.721154
1.184e-07,0.098917,0.721154
1.186e-07,0.098917,0.721154
1.188e-07,0.098917,0.721154
1.19e-07,0.098917,0.721154
1.192e-07,0.098917,0.721154
1.194e-07,0.098917,0.721154
1.196e-07,0.098917,0.721154
1.198e-07,0.098917,0.721154
1.2e-07,0.098917,0.729059
1.202e-07,0.0997075,0.729059
1.204e-07,0.0997075,0.736964
1.206e-07,0.0997075,0.736964
1.208e-07,0.0997075,0.74487
1.21e-07,0.0997075,0.74487
1.212e-07,0.0997075,0.752775
1.214e-07,0.0997075,0.752775
1.216e-07,0.0997075,0.752775
1.218e-07,0.0997075,0.752775
1.22e-07,0.0997075,0.752775
1.222e-07,0.0997075,0.76068
1.224e-07,0.0997075,0.76068
1.226e-07,0.098917,0.76068
1.228e-07,0.098917,0.76068
1.23e-07,0.098917,0.768585
1.232e-07,0.098917,0.768585
1.234e-07,0.098917,0.768585
1.236e-07,0.098917,0.768585
1.238e-07,0.098917,0.768585
1.24e-07,0.0997075,0.768585
1.242e-07,0.0997075,0.77649
1.244e-07,0.0997075,0.77649
1.246e-07,0.0997075,0.77649
1.248e-07,0.0997075,0.77649
1.25e-07,0.0997075,0.77649
1.252e-07,0.098917,0.77649
1.254e-07,0.098917,0.784395
1.256e-07,0.098917,0.784395
1.258e-07,0.098917,0.784395
1.26e-07,0.098917,0.784395
1.262e-07,0.098917,0.784395
1.264e-07,0.098917,0.784395
1.266e-07,0.098917,0.7923
1.268e-07,0.0997075,0.7923
1.27e-07,0.0997075,0.7923
1.272e-07,0.0997075,0.800206
1.274e-07,0.0997075,0.800206
1.276e-07,0.0997075,0.800206
1.278e-07,0.0997075,0.800206
1.28e-07,0.0997075,0.800206
1.282e-07,0.0997075,0.808111
1.284e-07,0.0997075,0.808111
1.286e-07,0.0997075,0.816016
1.288e-07,0.0997075,0.816016
1.29e-07,0.0997075,0.816016
1.292e-07,0.0997075,0.816016
1.294e-07,0.0997075,0.816016
1.296e-07,0.0997075,0.816016
1.298e-07,0.0997075,0.816016
1.3e-07,0.0997075,0.823921
1.302e-07,0.098917,0.823921
1.304e-07,0.098917,0.823921
1.306e-07,0.098917,0.823921
1.308e-07,0.098917,0.831826
1.31e-07,0.098917,0.831826
1.312e-07,0.098917,0.831826
1.314e-07,0.098917,0.831826
1.316e-07,0.098917,0.831826
1.318e-07,0.098917,0.831826
1.32e-07,0.0997075,0.831826
1.322e-07,0.098917,0.831826
1.324e-07,0.098917,0.839731
1.326e-07,0.098917,0.839731
1.328e-07,0.098917,0.839731
1.33e-07,0.098917,0.839731
1.332e-07,0.098917,0.839731
1.334e-07,0.098917,0.839731
1.336e-07,0.0997075,0.839731
1.338e-07,0.0997075,0.839731
1.34e-07,0.0997075,0.839731
1.342e-07,0.0997075,0.847636
1.344e-07,0.0997075,0.847636
1.346e-07,0.0997075,0.847636
1.348e-07,0.0997075,0.855542
1.35e-07,0.0997075,0.855542
1.352e-07,0.0997075,0.855542
1.354e-07,0.098917,0.855542
1.356e-07,0.0997075,0.855542
1.358e-07,0.0997075,0.855542
1.36e-07,0.0997075,0.855542
1.362e-07,0.0997075,0.855542
1.364e-07,0.0997075,0.855542
1.366e-07,0.0997075,0.863447
1.368e-07,0.0997075,0.863447
1.37e-07,0.0997075,0.863447
1.372e-07,0.0997075,0.863447
1.374e-07,0.0997075,0.863447
1.376e-07,0.0997075,0.863447
1.378e-07,0.0997075,0.863447
1.38e-07,0.0997075,0.863447
1.382e-07,0.0997075,0.863447
1.384e-07,0.0997075,0.871352
1.386e-07,0.0997075,0.871352
1.388e-07,0.0997075,0.871352
1.39e-07,0.0997075,0.871352
1.392e-07,0.0997075,0.871352
1.394e-07,0.0997075,0.871352
1.396e-07,0.0997075,0.871352
1.398e-07,0.0997075,0.871352
1.4e-07,0.0997075,0.879257
1.402e-07,0.0997075,0.879257
1.404e-07,0.0997075,0.879257
1.406e-07,0.0997075,0.887162
1.408e-07,0.0997075,0.887162
1.41e-07,0.0997075,0.887162
1.412e-07,0.0997075,0.879257
1.414e-07,0.0997075,0.879257
1.416e-07,0.0997075,0.879257
1.418e-07,0.0997075,0.879257
1.42e-07,0.0997075,0.879257
1.422e-07,0.0997075,0.879257
1.424e-07,0.0997075,0.879257
1.426e-07,0.0997075,0.879257
1.428e-07,0.0997075,0.879257
1.43e-07,0.0997075,0.887162
1.432e-07,0.0997075,0.887162
1.434e-07,0.0997075,0.887162
1.436e-07,0.0997075,0.887162
1.438e-07,0.0997075,0.895067
1.44e-07,0.0997075,0.895067
1.442e-07,0.0997075,0.887162
1.444e-07,0.0997075,0.887162
1.446e-07,0.0997075,0.887162
1.448e-07,0.0997075,0.887162
1.45e-07,0.0997075,0.895067
1.452e-07,0.0997075,0.895067
1.454e-07,0.098917,0.895067
1.456e-07,0.098917,0.895067
1.458e-07,0.098917,0.895067
1.46e-07,0.098917,0.895067
1.462e-07,0.0997075,0.895067
1.464e-07,0.0997075,0.895067
1.466e-07,0.0997075,0.895067
1.468e-07,0.0997075,0.895067
1.47e-07,0.0997075,0.895067
1.472e-07,0.0997075,0.895067
1.474e-07,0.0997075,0.895067
1.476e-07,0.0997075,0.895067
1.478e-07,0.0997075,0.895067
1.48e-07,0.0997075,0.895067
1.482e-07,0.0997075,0.895067
1.484e-07,0.0997075,0.895067
1.486e-07,0.0997075,0.895067
1.488e-07,0.0997075,0.895067
1.49e-07,0.0997075,0.895067
1.492e-07,0.0997075,0.895067
1.494e-07,0.0997075,0.895067
1.496e-07,0.098917,0.895067
1.498e-07,0.098917,0.895067
1.5e-07,0.098917,0.895067
1.502e-07,0.098917,0.895067
1.504e-07,0.098917,0.895067
1.506e-07,0.098917,0.895067
1.508e-07,0.0997075,0.895067
1.51e-07,0.0997075,0.887162
1.512e-07,0.0997075,0.887162
1.514e-07,0.0997075,0.887162
1.516e-07,0.0997075,0.887162
1.518e-07,0.0997075,0.895067
1.52e-07,0.0997075,0.895067
1.522e-07,0.0997075,0.895067
1.524e-07,0.0997075,0.895067
1.526e-07,0.0997075,0.887162
1.528e-07,0.0997075,0.887162
1.53e-07,0.0997075,0.887162
1.532e-07,0.0997075,0.887162
1.534e-07,0.0997075,0.887162
1.536e-07,0.0997075,0.887162
1.538e-07,0.0997075,0.887162
1.54e-07,0.0997075,0.887162
1.542e-07,0.0997075,0.887162
1.544e-07,0.0997075,0.887162
1.546e-07,0.0997075,0.887162
1.548e-07,0.0997075,0.887162
1.55e-07,0.0997075,0.887162
1.552e-07,0.0997075,0.887162
1.554e-07,0.0997075,0.887162
1.556e-07,0.0997075,0.887162
1.558e-07,0.0997075,0.887162
1.56e-07,0.0997075,0.887162
1.562e-07,0.0997075,0.887162
1.564e-07,0.0997075,0.887162
1.566e-07,0.0997075,0.887162
1.568e-07,0.100498,0.887162
1.57e-07,0.0997075,0.887162
1.572e-07,0.0997075,0.887162
1.574e-07,0.0997075,0.887162
1.576e-07,0.0997075,0.887162
1.578e-07,0.0997075,0.887162
1.58e-07,0.0997075,0.887162
1.582e-07,0.0997075,0.887162
1.584e-07,0.0997075,0.887162
1.586e-07,0.0997075,0.887162
1.588e-07,0.0997075,0.887162
1.59e-07,0.0997075,0.887162
1.592e-07,0.098917,0.887162
1.594e-07,0.0997075,0.887162
1.596e-07,0.0997075,0.879257
1.598e-07,0.0997075,0.879257
1.6e-07,0.0997075,0.879257
1.602e-07,0.0997075,0.879257
1.604e-07,0.0997075,0.879257
1.606e-07,0.0997075,0.879257
1.608e-07,0.0997075,0.879257
1.61e-07,0.0997075,0.879257
1.612e-07,0.098917,0.871352
1.614e-07,0.098917,0.871352
1.616e-07,0.098917,0.871352
1.618e-07,0.098917,0.871352
1.62e-07,0.0997075,0.871352
1.622e-07,0.0997075,0.871352
1.624e-07,0.0997075,0.871352
1.626e-07,0.0997075,0.871352
1.628e-07,0.0997075,0.871352
1.63e-07,0.0997075,0.871352
1.632e-07,0.0997075,0.863447
1.634e-07,0.0997075,0.863447
1.636e-07,0.0997075,0.863447
1.638e-07,0.0997075,0.863447
1.64e-07,0.0997075,0.863447
1.642e-07,0.0997075,0.863447
1.644e-07,0.0997075,0.863447
1.646e-07,0.0997075,0.863447
1.648e-07,0.0997075,0.863447
1.65e-07,0.0997075,0.863447
1.652e-07,0.0997075,0.863447
1.654e-07,0.0997075,0.863447
1.656e-07,0.0997075,0.863447
1.658e-07,0.0997075,0.863447
1.66e-07,0.0997075,0.863447
1.662e-07,0.0997075,0.855542
1.664e-07,0.098917,0.855542
1.666e-07,0.098917,0.855542
1.668e-07,0.098917,0.855542
1.67e-07,0.098917,0.855542
1.672e-07,0.098917,0.855542
1.674e-07,0.098917,0.855542
1.676e-07,0.0997075,0.855542
1.678e-07,0.0997075,0.855542
1.68e-07,0.0997075,0.855542
1.682e-07,0.0997075,0.847636
1.684e-07,0.0997075,0.847636
1.686e-07,0.0997075,0.847636
1.688e-07,0.0997075,0.847636
1.69e-07,0.0997075,0.847636
1.692e-07,0.0997075,0.847636
1.694e-07,0.0997075,0.847636
1.696e-07,0.0997075,0.847636
1.698e-07,0.0997075,0.839731
1.7e-07,0.0997075,0.839731
1.702e-07,0.0997075,0.839731
1.704e-07,0.0997075,0.839731
1.706e-07,0.0997075,0.839731
1.708e-07,0.0997075,0.839731
1.71e-07,0.0997075,0.839731
1.712e-07,0.0997075,0.839731
1.714e-07,0.0997075,0.839731
1.716e-07,0.098917,0.839731
1.718e-07,0.0997075,0.839731
1.72e-07,0.0997075,0.839731
1.722e-07,0.0997075,0.831826
1.724e-07,0.098917,0.831826
1.726e-07,0.098917,0.831826
1.728e-07,0.098917,0.831826
1.73e-07,0.098917,0.831826
1.732e-07,0.098917,0.831826
1.734e-07,0.0997075,0.831826
1.736e-07,0.0997075,0.831826
1.738e-07,0.0997075,0.823921
1.74e-07,0.0997075,0.823921
1.742e-07,0.0997075,0.823921
1.744e-07,0.0997075,0.823921
1.746e-07,0.0997075,0.823921
1.748e-07,0.0997075,0.823921
1.75e-07,0.0997075,0.823921
1.752e-07,0.0997075,0.816016
1.754e-07,0.0997075,0.816016
1.756e-07,0.0997075,0.816016
1.758e-07,0.0997075,0.816016
1.76e-07,0.0997075,0.816016
1.762e-07,0.0997075,0.816016
1.764e-07,0.0997075,0.816016
1.766e-07,0.0997075,0.816016
1.768e-07,0.0997075,0.816016
1.77e-07,0.0997075,0.808111
1.772e-07,0.0997075,0.808111
1.774e-07,0.0997075,0.808111
1.776e-07,0.0997075,0.808111
1.778e-07,0.0997075,0.808111
1.78e-07,0.0997075,0.808111
1.782e-07,0.0997075,0.808111
1.784e-07,0.0997075,0.808111
1.786e-07,0.0997075,0.808111
1.788e-07,0.0997075,0.808111
1.79e-07,0.0997075,0.808111
1.792e-07,0.0997075,0.808111
1.794e-07,0.0997075,0.808111
1.796e-07,0.0997075,0.808111
1.798e-07,0.0997075,0.808111
1.8e-07,0.0997075,0.808111
1.802e-07,0.0997075,0.800206
1.804e-07,0.0997075,0.800206
1.806e-07,0.0997075,0.800206
1.808e-07,0.0997075,0.800206
1.81e-07,0.098917,0.800206
1.812e-07,0.098917,0.800206
1.814e-07,0.098917,0.800206
1.816e-07,0.098917,0.800206
1.818e-07,0.098917,0.800206
1.82e-07,0.098917,0.800206
1.822e-07,0.098917,0.7923
1.824e-07,0.098917,0.7923
1.826e-07,0.098917,0.7923
1.828e-07,0.098917,0.7923
1.83e-07,0.098917,0.7923
1.832e-07,0.098917,0.7923
1.834e-07,0.098917,0.7923
1.836e-07,0.098917,0.7923
1.838e-07,0.098917,0.7923
1.84e-07,0.0997075,0.7923
1.842e-07,0.098917,0.7923
1.844e-07,0.0997075,0.7923
1.846e-07,0.0997075,0.7923
1.848e-07,0.0997075,0.7923
1.85e-07,0.0997075,0.784395
1.852e-07,0.0997075,0.784395
1.854e-07,0.0997075,0.784395
1.856e-07,0.0997075,0.784395
1.858e-07,0.098917,0.784395
1.86e-07,0.0997075,0.784395
1.862e-07,0.0997075,0.7923
1.864e-07,0.0997075,0.784395
1.866e-07,0.0997075,0.784395
1.868e-07,0.0997075,0.784395
1.87e-07,0.0997075,0.784395
1.872e-07,0.0997075,0.784395
1.874e-07,0.0997075,0.784395
1.876e-07,0.0997075,0.784395
1.878e-07,0.0997075,0.784395
1.88e-07,0.0997075,0.784395
1.882e-07,0.0997075,0.784395
1.884e-07,0.0997075,0.784395
1.886e-07,0.0997075,0.784395
1.888e-07,0.0997075,0.784395
1.89e-07,0.098917,0.77649
1.892e-07,0.098917,0.77649
1.894e-07,0.098917,0.77649
1.896e-07,0.098917,0.77649
1.898e-07,0.098917,0.77649
1.9e-07,0.098917,0.77649
1.902e-07,0.098917,0.77649
1.904e-07,0.098917,0.77649
1.906e-07,0.0997075,0.77649
1.908e-07,0.0997075,0.77649
1.91e-07,0.0997075,0.77649
1.912e-07,0.0997075,0.77649
1.914e-07,0.0997075,0.77649
1.916e-07,0.0997075,0.77649
1.918e-07,0.0997075,0.77649
1.92e-07,0.0997075,0.77649
1.922e-07,0.0997075,0.77649
1.924e-07,0.0997075,0.77649
1.926e-07,0.0997075,0.77649
1.928e-07,0.0997075,0.77649
1.93e-07,0.0997075,0.77649
1.932e-07,0.0997075,0.77649
1.934e-07,0.0997075,0.77649
1.936e-07,0.0997075,0.77649
1.938e-07,0.0997075,0.77649
1.94e-07,0.098917,0.77649
1.942e-07,0.098917,0.77649
1.944e-07,0.098917,0.77649
1.946e-07,0.098917,0.77649
1.948e-07,0.0997075,0.77649
1.95e-07,0.0997075,0.77649
1.952e-07,0.0997075,0.77649
1.954e-07,0.0997075,0.77649
1.956e-07,0.0997075,0.77649
1.958e-07,0.098917,0.77649
1.96e-07,0.098917,0.77649
1.962e-07,0.098917,0.77649
1.964e-07,0.098917,0.77649
1.966e-07,0.0997075,0.77649
1.968e-07,0.0997075,0.77649
1.97e-07,0.0997075,0.77649
1.972e-07,0.0997075,0.77649
1.974e-07,0.0997075,0.77649
1.976e-07,0.0997075,0.77649
1.978e-07,0.0997075,0.768585
1.98e-07,0.0997075,0.768585
1.982e-07,0.0997075,0.768585
1.984e-07,0.0997075,0.768585
1.986e-07,0.0997075,0.768585
1.988e-07,0.0997075,0.768585
1.99e-07,0.0997075,0.768585
1.992e-07,0.0997075,0.768585
1.994e-07,0.0997075,0.77649
1.996e-07,0.0997075,0.77649
1.998e-07,0.0997075,0.77649
2e-07,0.0997075,0.768585
2.002e-07,0.0997075,0.768585
2.004e-07,0.0997075,0.768585
2.006e-07,0.0997075,0.77649
2.008e-07,0.0997075,0.77649
2.01e-07,0.098917,0.77649
2.012e-07,0.098917,0.768585
2.014e-07,0.098917,0.768585
2.016e-07,0.098917,0.77649
2.018e-07,0.098917,0.77649
2.02e-07,0.0997075,0.77649
2.022e-07,0.0997075,0.77649
2.024e-07,0.0997075,0.77649
2.026e-07,0.0997075,0.77649
2.028e-07,0.0997075,0.77649
2.03e-07,0.0997075,0.77649
2.032e-07,0.0997075,0.77649
2.034e-07,0.0997075,0.77649
2.036e-07,0.0997075,0.77649
2.038e-07,0.0997075,0.77649
2.04e-07,0.0997075,0.77649
2.042e-07,0.0997075,0.77649
2.044e-07,0.0997075,0.77649
2.046e-07,0.0997075,0.77649
2.048e-07,0.0997075,0.77649
2.05e-07,0.0997075,0.77649
2.052e-07,0.0997075,0.77649
2.054e-07,0.0997075,0.77649
2.056e-07,0.0997075,0.77649
2.058e-07,0.0997075,0.77649
2.06e-07,0.0997075,0.77649
2.062e-07,0.0997075,0.77649
2.064e-07,0.0997075,0.77649
2.066e-07,0.0997075,0.77649
2.068e-07,0.0997075,0.77649
2.07e-07,0.0997075,0.77649
2.072e-07,0.0997075,0.77649
2.074e-07,0.0997075,0.77649
2.076e-07,0.0997075,0.77649
2.078e-07,0.0997075,0.77649
2.08e-07,0.0997075,0.77649
2.082e-07,0.0997075,0.784395
2.084e-07,0.0997075,0.784395
2.086e-07,0.0997075,0.784395
2.088e-07,0.0997075,0.77649
2.09e-07,0.0997075,0.77649
2.092e-07,0.0997075,0.77649
2.094e-07,0.0997075,0.77649
2.096e-07,0.0997075,0.77649
2.098e-07,0.0997075,0.77649
2.1e-07,0.0997075,0.784395
2.102e-07,0.0997075,0.784395
2.104e-07,0.0997075,0.784395
2.106e-07,0.0997075,0.784395
2.108e-07,0.0997075,0.784395
2.11e-07,0.0997075,0.784395
2.112e-07,0.0997075,0.784395
2.114e-07,0.0997075,0.784395
2.116e-07,0.0997075,0.784395
2.118e-07,0.0997075,0.784395
2.12e-07,0.0997075,0.784395
2.122e-07,0.0997075,0.784395
2.124e-07,0.0997075,0.784395
2.126e-07,0.0997075,0.784395
2.128e-07,0.0997075,0.7923
2.13e-07,0.0997075,0.7923
2.132e-07,0.0997075,0.7923
2.134e-07,0.0997075,0.7923
2.136e-07,0.0997075,0.7923
2.138e-07,0.0997075,0.7923
2.14e-07,0.0997075,0.7923
2.142e-07,0.0997075,0.7923
2.144e-07,0.0997075,0.7923
2.146e-07,0.0997075,0.784395
2.148e-07,0.0997075,0.784395
2.15e-07,0.0997075,0.784395
2.152e-07,0.0997075,0.784395
2.154e-07,0.0997075,0.784395
2.156e-07,0.0997075,0.784395
2.158e-07,0.0997075,0.784395
2.16e-07,0.100498,0.7923
2.162e-07,0.0997075,0.7923
2.164e-07,0.0997075,0.7923
2.166e-07,0.0997075,0.7923
2.168e-07,0.0997075,0.800206
2.17e-07,0.0997075,0.800206
2.172e-07,0.0997075,0.800206
2.174e-07,0.0997075,0.800206
2.176e-07,0.0997075,0.800206
2.178e-07,0.0997075,0.7923
2.18e-07,0.0997075,0.800206
2.182e-07,0.0997075,0.800206
2.184e-07,0.0997075,0.800206
2.186e-07,0.0997075,0.800206
2.188e-07,0.0997075,0.800206
2.19e-07,0.0997075,0.800206
2.192e-07,0.098917,0.800206
2.194e-07,0.0997075,0.800206
2.196e-07,0.0997075,0.800206
2.198e-07,0.0997075,0.808111
2.2e-07,0.0997075,0.808111
2.202e-07,0.0997075,0.808111
2.204e-07,0.0997075,0.808111
2.206e-07,0.0997075,0.800206
2.208e-07,0.100498,0.800206
2.21e-07,0.100498,0.800206
2.212e-07,0.0997075,0.808111
2.214e-07,0.0997075,0.808111
2.216e-07,0.0997075,0.808111
2.218e-07,0.0997075,0.808111
2.22e-07,0.0997075,0.808111
2.222e-07,0.0997075,0.816016
2.224e-07,0.0997075,0.816016
2.226e-07,0.0997075,0.816016
2.228e-07,0.0997075,0.816016
2.23e-07,0.098917,0.816016
2.232e-07,0.098917,0.816016
2.234e-07,0.0997075,0.808111
2.236e-07,0.0997075,0.808111
2.238e-07,0.0997075,0.816016
2.24e-07,0.0997075,0.816016
2.242e-07,0.0997075,0.816016
2.244e-07,0.0997075,0.816016
2.246e-07,0.0997075,0.816016
2.248e-07,0.0997075,0.816016
2.25e-07,0.0997075,0.816016
2.252e-07,0.098917,0.816016
2.254e-07,0.098917,0.816016
2.256e-07,0.098917,0.816016
2.258e-07,0.098917,0.816016
2.26e-07,0.0997075,0.808111
2.262e-07,0.0997075,0.808111
2.264e-07,0.0997075,0.808111
2.266e-07,0.0997075,0.808111
2.268e-07,0.0997075,0.816016
2.27e-07,0.0997075,0.816016
2.272e-07,0.0997075,0.816016
2.274e-07,0.0997075,0.816016
2.276e-07,0.0997075,0.816016
2.278e-07,0.0997075,0.816016
2.28e-07,0.0997075,0.816016
2.282e-07,0.0997075,0.816016
2.284e-07,0.0997075,0.816016
2.286e-07,0.0997075,0.816016
2.288e-07,0.100498,0.816016
2.29e-07,0.100498,0.816016
2.292e-07,0.100498,0.816016
2.294e-07,0.100498,0.816016
2.296e-07,0.0997075,0.816016
2.298e-07,0.0997075,0.823921
2.3e-07,0.098917,0.823921
2.302e-07,0.098917,0.823921
2.304e-07,0.098917,0.823921
2.306e-07,0.098917,0.823921
2.308e-07,0.098917,0.823921
2.31e-07,0.098917,0.823921
2.312e-07,0.0997075,0.823921
2.314e-07,0.0997075,0.823921
2.316e-07,0.0997075,0.816016
2.318e-07,0.100498,0.816016
2.32e-07,0.0997075,0.816016
2.322e-07,0.0997075,0.816016
2.324e-07,0.0997075,0.816016
2.326e-07,0.0997075,0.823921
2.328e-07,0.0997075,0.823921
2.33e-07,0.0997075,0.823921
2.332e-07,0.0997075,0.823921
2.334e-07,0.0997075,0.823921
2.336e-07,0.0997075,0.823921
2.338e-07,0.0997075,0.823921
2.34e-07,0.0997075,0.816016
2.342e-07,0.0997075,0.823921
2.344e-07,0.0997075,0.823921
2.346e-07,0.0997075,0.823921
2.348e-07,0.0997075,0.823921
2.35e-07,0.0997075,0.823921
2.352e-07,0.0997075,0.823921
2.354e-07,0.100498,0.823921
2.356e-07,0.100498,0.823921
2.358e-07,0.100498,0.823921
2.36e-07,0.100498,0.823921
2.362e-07,0.0997075,0.823921
2.364e-07,0.0997075,0.823921
2.366e-07,0.100498,0.823921
2.368e-07,0.100498,0.823921
2.37e-07,0.100498,0.823921
2.372e-07,0.100498,0.823921
2.374e-07,0.100498,0.823921
2.376e-07,0.100498,0.823921
2.378e-07,0.100498,0.823921
2.38e-07,0.100498,0.831826
2.382e-07,0.100498,0.831826
2.384e-07,0.100498,0.831826
2.386e-07,0.100498,0.831826
2.388e-07,0.100498,0.831826
2.39e-07,0.100498,0.831826
2.392e-07,0.100498,0.831826
2.394e-07,0.100498,0.831826
2.396e-07,0.0997075,0.831826
2.398e-07,0.0997075,0.831826
2.4e-07,0.0997075,0.831826
2.402e-07,0.0997075,0.831826
2.404e-07,0.0997075,0.839731
2.406e-07,0.0997075,0.839731
2.408e-07,0.0997075,0.831826
2.41e-07,0.0997075,0.831826
2.412e-07,0.0997075,0.831826
2.414e-07,0.0997075,0.831826
2.416e-07,0.0997075,0.831826
2.418e-07,0.0997075,0.831826
2.42e-07,0.0997075,0.831826
2.422e-07,0.0997075,0.831826
2.424e-07,0.0997075,0.831826
2.426e-07,0.0997075,0.831826
2.428e-07,0.0997075,0.831826
2.43e-07,0.0997075,0.831826
2.432e-07,0.0997075,0.831826
2.434e-07,0.0997075,0.831826
2.436e-07,0.0997075,0.831826
2.438e-07,0.0997075,0.831826
2.44e-07,0.0997075,0.831826
2.442e-07,0.0997075,0.831826
2.444e-07,0.098917,0.831826
2.446e-07,0.098917,0.831826
2.448e-07,0.098917,0.831826
2.45e-07,0.098917,0.831826
2.452e-07,0.0997075,0.831826
2.454e-07,0.0997075,0.831826
2.456e-07,0.0997075,0.831826
2.458e-07,0.0997075,0.831826
2.46e-07,0.0997075,0.831826
2.462e-07,0.0997075,0.831826
2.464e-07,0.0997075,0.831826
2.466e-07,0.0997075,0.831826
2.468e-07,0.0997075,0.831826
2.47e-07,0.0997075,0.831826
2.472e-07,0.0997075,0.831826
2.474e-07,0.0997075,0.831826
2.476e-07,0.0997075,0.839731
2.478e-07,0.0997075,0.839731
2.48e-07,0.0997075,0.839731
2.482e-07,0.0997075,0.839731
2.484e-07,0.0997075,0.839731
2.486e-07,0.0997075,0.831826
2.488e-07,0.0997075,0.831826
2.49e-07,0.0997075,0.831826
2.492e-07,0.0997075,0.831826
2.494e-07,0.0997075,0.831826
2.496e-07,0.100498,0.831826
2.498e-07,0.0997075,0.831826
2.5e-07,0.0997075,0.831826
2.502e-07,0.0997075,0.831826
2.504e-07,0.0997075,0.831826
2.506e-07,0.0997075,0.831826
2.508e-07,0.0997075,0.831826
2.51e-07,0.0997075,0.839731
2.512e-07,0.0997075,0.839731
2.514e-07,0.0997075,0.839731
2.516e-07,0.0997075,0.831826
2.518e-07,0.0997075,0.831826
2.52e-07,0.0997075,0.831826
2.522e-07,0.0997075,0.831826
2.524e-07,0.0997075,0.831826
2.526e-07,0.0997075,0.831826
2.528e-07,0.0997075,0.831826
2.53e-07,0.0997075,0.831826
2.532e-07,0.0997075,0.823921
2.534e-07,0.0997075,0.823921
2.536e-07,0.0997075,0.823921
2.538e-07,0.0997075,0.823921
2.54e-07,0.0997075,0.823921
2.542e-07,0.0997075,0.823921
2.544e-07,0.0997075,0.823921
2.546e-07,0.0997075,0.823921
2.548e-07,0.0997075,0.831826
2.55e-07,0.0997075,0.831826
2.552e-07,0.0997075,0.831826
2.554e-07,0.0997075,0.831826
2.556e-07,0.0997075,0.831826
2.558e-07,0.0997075,0.831826
2.56e-07,0.0997075,0.831826
2.562e-07,0.0997075,0.831826
2.564e-07,0.0997075,0.831826
2.566e-07,0.0997075,0.831826
2.568e-07,0.0997075,0.831826
2.57e-07,0.0997075,0.823921
2.572e-07,0.0997075,0.823921
2.574e-07,0.0997075,0.823921
2.576e-07,0.0997075,0.823921
2.578e-07,0.0997075,0.823921
2.58e-07,0.0997075,0.823921
2.582e-07,0.0997075,0.823921
2.584e-07,0.0997075,0.831826
2.586e-07,0.0997075,0.831826
2.588e-07,0.0997075,0.823921
2.59e-07,0.0997075,0.823921
2.592e-07,0.0997075,0.823921
2.594e-07,0.0997075,0.823921
2.596e-07,0.0997075,0.823921
2.598e-07,0.0997075,0.823921
2.6e-07,0.0997075,0.823921
2.602e-07,0.0997075,0.823921
2.604e-07,0.0997075,0.823921
2.606e-07,0.0997075,0.823921
2.608e-07,0.0997075,0.823921
2.61e-07,0.0997075,0.823921
2.612e-07,0.0997075,0.823921
2.614e-07,0.0997075,0.823921
2.616e-07,0.0997075,0.816016
2.618e-07,0.0997075,0.816016
2.62e-07,0.0997075,0.823921
2.622e-07,0.0997075,0.823921
2.624e-07,0.0997075,0.823921
2.626e-07,0.0997075,0.823921
2.628e-07,0.0997075,0.823921
2.63e-07,0.0997075,0.816016
2.632e-07,0.0997075,0.816016
2.634e-07,0.0997075,0.816016
2.636e-07,0.0997075,0.816016
2.638e-07,0.0997075,0.816016
2.64e-07,0.100498,0.816016
2.642e-07,0.100498,0.816016
2.644e-07,0.100498,0.823921
2.646e-07,0.100498,0.823921
2.648e-07,0.100498,0.823921
2.65e-07,0.0997075,0.823921
2.652e-07,0.0997075,0.823921
2.654e-07,0.0997075,0.823921
2.656e-07,0.0997075,0.823921
2.658e-07,0.0997075,0.816016
2.66e-07,0.0997075,0.816016
2.662e-07,0.0997075,0.816016
2.664e-07,0.0997075,0.816016
2.666e-07,0.0997075,0.816016
2.668e-07,0.0997075,0.816016
2.67e-07,0.0997075,0.816016
2.672e-07,0.0997075,0.816016
2.674e-07,0.0997075,0.816016
2.676e-07,0.100498,0.816016
2.678e-07,0.100498,0.816016
2.68e-07,0.100498,0.823921
2.682e-07,0.100498,0.823921
2.684e-07,0.0997075,0.823921
2.686e-07,0.0997075,0.823921
2.688e-07,0.0997075,0.816016
2.69e-07,0.0997075,0.816016
2.692e-07,0.0997075,0.816016
2.694e-07,0.0997075,0.816016
2.696e-07,0.0997075,0.816016
2.698e-07,0.0997075,0.816016
2.7e-07,0.0997075,0.816016
2.702e-07,0.0997075,0.816016
2.704e-07,0.0997075,0.816016
2.706e-07,0.0997075,0.816016
2.708e-07,0.0997075,0.816016
2.71e-07,0.100498,0.816016
2.712e-07,0.100498,0.816016
2.714e-07,0.100498,0.816016
2.716e-07,0.0997075,0.816016
2.718e-07,0.0997075,0.816016
2.72e-07,0.0997075,0.816016
2.722e-07,0.0997075,0.816016
2.724e-07,0.100498,0.816016
2.726e-07,0.100498,0.816016
2.728e-07,0.100498,0.816016
2.73e-07,0.100498,0.816016
2.732e-07,0.0997075,0.816016
2.734e-07,0.0997075,0.816016
2.736e-07,0.0997075,0.808111
2.738e-07,0.0997075,0.808111
2.74e-07,0.0997075,0.808111
2.742e-07,0.0997075,0.808111
2.744e-07,0.0997075,0.808111
2.746e-07,0.0997075,0.808111
2.748e-07,0.0997075,0.808111
2.75e-07,0.0997075,0.808111
2.752e-07,0.0997075,0.808111
2.754e-07,0.0997075,0.808111
2.756e-07,0.0997075,0.808111
2.758e-07,0.0997075,0.808111
2.76e-07,0.0997075,0.808111
2.762e-07,0.0997075,0.808111
2.764e-07,0.0997075,0.808111
2.766e-07,0.0997075,0.808111
2.768e-07,0.0997075,0.808111
2.77e-07,0.0997075,0.808111
2.772e-07,0.0997075,0.808111
2.774e-07,0.098917,0.808111
2.776e-07,0.098917,0.808111
2.778e-07,0.098917,0.808111
2.78e-07,0.0997075,0.808111
2.782e-07,0.0997075,0.808111
2.784e-07,0.0997075,0.808111
2.786e-07,0.0997075,0.808111
2.788e-07,0.0997075,0.808111
2.79e-07,0.0997075,0.800206
2.792e-07,0.0997075,0.800206
2.794e-07,0.0997075,0.800206
2.796e-07,0.0997075,0.800206
2.798e-07,0.0997075,0.800206
2.8e-07,0.0997075,0.800206
2.802e-07,0.0997075,0.800206
2.804e-07,0.0997075,0.800206
2.806e-07,0.0997075,0.800206
2.808e-07,0.0997075,0.800206
2.81e-07,0.0997075,0.800206
2.812e-07,0.0997075,0.808111
2.814e-07,0.0997075,0.808111
2.816e-07,0.0997075,0.808111
2.818e-07,0.0997075,0.808111
2.82e-07,0.0997075,0.808111
2.822e-07,0.0997075,0.808111
2.824e-07,0.0997075,0.808111
2.826e-07,0.098917,0.808111
2.828e-07,0.098917,0.808111
2.83e-07,0.098917,0.800206
2.832e-07,0.0997075,0.800206
2.834e-07,0.0997075,0.800206
2.836e-07,0.0997075,0.800206
2.838e-07,0.0997075,0.800206
2.84e-07,0.0997075,0.800206
2.842e-07,0.0997075,0.800206
2.844e-07,0.0997075,0.800206
2.846e-07,0.0997075,0.800206
2.848e-07,0.0997075,0.800206
2.85e-07,0.0997075,0.800206
2.852e-07,0.0997075,0.808111
2.854e-07,0.0997075,0.808111
2.856e-07,0.0997075,0.808111
2.858e-07,0.0997075,0.808111
2.86e-07,0.0997075,0.808111
2.862e-07,0.0997075,0.800206
2.864e-07,0.0997075,0.800206
2.866e-07,0.0997075,0.800206
2.868e-07,0.0997075,0.800206
2.87e-07,0.0997075,0.800206
2.872e-07,0.0997075,0.800206
2.874e-07,0.0997075,0.800206
2.876e-07,0.0997075,0.800206
2.878e-07,0.0997075,0.808111
2.88e-07,0.0997075,0.808111
2.882e-07,0.0997075,0.808111
2.884e-07,0.0997075,0.808111
2.886e-07,0.0997075,0.808111
2.888e-07,0.0997075,0.800206
2.89e-07,0.0997075,0.800206
2.892e-07,0.098917,0.800206
2.894e-07,0.098917,0.800206
2.896e-07,0.098917,0.800206
2.898e-07,0.098917,0.800206
2.9e-07,0.098917,0.800206
2.902e-07,0.098917,0.800206
2.904e-07,0.098917,0.800206
2.906e-07,0.0997075,0.800206
2.908e-07,0.0997075,0.800206
2.91e-07,0.0997075,0.800206
2.912e-07,0.0997075,0.800206
2.914e-07,0.0997075,0.800206
2.916e-07,0.0997075,0.800206
2.918e-07,0.0997075,0.800206
2.92e-07,0.0997075,0.800206
2.922e-07,0.0997075,0.800206
2.924e-07,0.0997075,0.800206
2.926e-07,0.0997075,0.808111
2.928e-07,0.0997075,0.800206
2.93e-07,0.0997075,0.800206
2.932e-07,0.0997075,0.800206
2.934e-07,0.0997075,0.800206
2.936e-07,0.0997075,0.800206
2.938e-07,0.0997075,0.800206
2.94e-07,0.0997075,0.800206
2.942e-07,0.0997075,0.7923
2.944e-07,0.0997075,0.7923
2.946e-07,0.0997075,0.7923
2.948e-07,0.0997075,0.7923
2.95e-07,0.0997075,0.7923
2.952e-07,0.0997075,0.7923
2.954e-07,0.098917,0.7923
2.956e-07,0.0997075,0.7923
2.958e-07,0.0997075,0.7923
2.96e-07,0.0997075,0.800206
2.962e-07,0.0997075,0.800206
2.964e-07,0.0997075,0.800206
2.966e-07,0.0997075,0.800206
2.968e-07,0.0997075,0.800206
2.97e-07,0.0997075,0.800206
2.972e-07,0.0997075,0.800206
2.974e-07,0.0997075,0.800206
2.976e-07,0.098917,0.800206
2.978e-07,0.098917,0.800206
2.98e-07,0.098917,0.800206
2.982e-07,0.098917,0.800206
2.984e-07,0.098917,0.7923
2.986e-07,0.098917,0.7923
2.988e-07,0.0997075,0.7923
2.99e-07,0.0997075,0.800206
2.992e-07,0.0997075,0.800206
2.994e-07,0.0997075,0.800206
2.996e-07,0.0997075,0.800206
2.998e-07,0.0997075,0.800206
3e-07,0.100498,0.800206
3.002e-07,0.100498,0.800206
3.004e-07,0.100498,0.800206
3.006e-07,0.0997075,0.800206
3.008e-07,0.0997075,0.800206
3.01e-07,0.0997075,0.7923
3.012e-07,0.0997075,0.7923
3.014e-07,0.0997075,0.7923
3.016e-07,0.0997075,0.7923
3.018e-07,0.0997075,0.7923
3.02e-07,0.100498,0.7923
3.022e-07,0.100498,0.800206
3.024e-07,0.0997075,0.800206
3.026e-07,0.0997075,0.800206
3.028e-07,0.0997075,0.800206
3.03e-07,0.0997075,0.7923
3.032e-07,0.0997075,0.7923
3.034e-07,0.0997075,0.7923
3.036e-07,0.0997075,0.7923
3.038e-07,0.0997075,0.7923
3.04e-07,0.0997075,0.800206
3.042e-07,0.0997075,0.800206
3.044e-07,0.0997075,0.800206
3.046e-07,0.0997075,0.7923
3.048e-07,0.0997075,0.7923
3.05e-07,0.0997075,0.7923
3.052e-07,0.0997075,0.7923
3.054e-07,0.0997075,0.7923
3.056e-07,0.0997075,0.7923
3.058e-07,0.0997075,0.800206
3.06e-07,0.0997075,0.800206
3.062e-07,0.0997075,0.800206
3.064e-07,0.0997075,0.7923
3.066e-07,0.0997075,0.7923
3.068e-07,0.0997075,0.7923
3.07e-07,0.0997075,0.7923
3.072e-07,0.0997075,0.800206
3.074e-07,0.0997075,0.800206
3.076e-07,0.0997075,0.800206
3.078e-07,0.0997075,0.800206
3.08e-07,0.0997075,0.800206
3.082e-07,0.0997075,0.800206
3.084e-07,0.0997075,0.800206
3.086e-07,0.0997075,0.800206
3.088e-07,0.0997075,0.800206
3.09e-07,0.0997075,0.800206
3.092e-07,0.0997075,0.800206
3.094e-07,0.0997075,0.800206
3.096e-07,0.0997075,0.800206
3.098e-07,0.0997075,0.800206
3.1e-07,0.0997075,0.800206
3.102e-07,0.0997075,0.7923
3.104e-07,0.0997075,0.800206
3.106e-07,0.0997075,0.800206
3.108e-07,0.0997075,0.800206
3.11e-07,0.0997075,0.800206
3.112e-07,0.0997075,0.800206
3.114e-07,0.0997075,0.800206
3.116e-07,0.0997075,0.800206
3.118e-07,0.0997075,0.800206
3.12e-07,0.0997075,0.800206
3.122e-07,0.0997075,0.800206
3.124e-07,0.0997075,0.800206
3.126e-07,0.0997075,0.7923
3.128e-07,0.0997075,0.7923
3.13e-07,0.0997075,0.7923
3.132e-07,0.0997075,0.7923
3.134e-07,0.0997075,0.7923
3.136e-07,0.0997075,0.800206
3.138e-07,0.0997075,0.800206
3.14e-07,0.098917,0.800206
3.142e-07,0.098917,0.800206
3.144e-07,0.098917,0.800206
3.146e-07,0.0997075,0.800206
3.148e-07,0.0997075,0.800206
3.15e-07,0.0997075,0.800206
3.152e-07,0.0997075,0.800206
3.154e-07,0.0997075,0.800206
3.156e-07,0.0997075,0.808111
3.158e-07,0.0997075,0.808111
3.16e-07,0.0997075,0.808111
3.162e-07,0.0997075,0.800206
3.164e-07,0.0997075,0.800206
3.166e-07,0.098917,0.800206
3.168e-07,0.098917,0.800206
3.17e-07,0.0997075,0.800206
3.172e-07,0.0997075,0.808111
3.174e-07,0.0997075,0.808111
3.176e-07,0.0997075,0.808111
3.178e-07,0.0997075,0.808111
3.18e-07,0.0997075,0.808111
3.182e-07,0.0997075,0.808111
3.184e-07,0.098917,0.808111
3.186e-07,0.098917,0.808111
3.188e-07,0.0997075,0.808111
3.19e-07,0.0997075,0.808111
3.192e-07,0.0997075,0.808111
3.194e-07,0.0997075,0.808111
3.196e-07,0.0997075,0.800206
3.198e-07,0.0997075,0.800206
3.2e-07,0.0997075,0.800206
3.202e-07,0.0997075,0.800206
3.204e-07,0.0997075,0.800206
3.206e-07,0.0997075,0.808111
3.208e-07,0.0997075,0.808111
3.21e-07,0.0997075,0.808111
3.212e-07,0.0997075,0.808111
3.214e-07,0.0997075,0.808111
3.216e-07,0.0997075,0.808111
3.218e-07,0.098917,0.808111
3.22e-07,0.098917,0.808111
3.222e-07,0.098917,0.808111
3.224e-07,0.0997075,0.808111
3.226e-07,0.0997075,0.808111
3.228e-07,0.0997075,0.816016
3.23e-07,0.0997075,0.808111
3.232e-07,0.0997075,0.808111
3.234e-07,0.0997075,0.808111
3.236e-07,0.0997075,0.808111
3.238e-07,0.0997075,0.808111
3.24e-07,0.0997075,0.808111
3.242e-07,0.0997075,0.808111
3.244e-07,0.0997075,0.808111
3.246e-07,0.0997075,0.808111
3.248e-07,0.0997075,0.808111
3.25e-07,0.0997075,0.808111
3.252e-07,0.0997075,0.808111
3.254e-07,0.0997075,0.808111
3.256e-07,0.0997075,0.808111
3.258e-07,0.0997075,0.808111
3.26e-07,0.0997075,0.808111
3.262e-07,0.0997075,0.808111
3.264e-07,0.0997075,0.808111
3.266e-07,0.0997075,0.808111
3.268e-07,0.0997075,0.816016
3.27e-07,0.0997075,0.816016
3.272e-07,0.0997075,0.816016
3.274e-07,0.0997075,0.816016
3.276e-07,0.0997075,0.816016
3.278e-07,0.0997075,0.808111
3.28e-07,0.0997075,0.808111
3.282e-07,0.0997075,0.808111
3.284e-07,0.098917,0.816016
3.286e-07,0.098917,0.816016
3.288e-07,0.098917,0.816016
3.29e-07,0.098917,0.816016
3.292e-07,0.098917,0.816016
3.294e-07,0.098917,0.816016
3.296e-07,0.098917,0.816016
3.298e-07,0.098917,0.808111
3.3e-07,0.0997075,0.816016
3.302e-07,0.0997075,0.816016
3.304e-07,0.0997075,0.816016
3.306e-07,0.0997075,0.816016
3.308e-07,0.0997075,0.816016
3.31e-07,0.0997075,0.816016
3.312e-07,0.0997075,0.816016
3.314e-07,0.0997075,0.816016
3.316e-07,0.0997075,0.816016
3.318e-07,0.0997075,0.816016
3.32e-07,0.0997075,0.808111
3.322e-07,0.0997075,0.808111
3.324e-07,0.0997075,0.808111
3.326e-07,0.098917,0.808111
3.328e-07,0.098917,0.816016
3.33e-07,0.098917,0.816016
3.332e-07,0.0997075,0.816016
3.334e-07,0.0997075,0.816016
3.336e-07,0.0997075,0.816016
3.338e-07,0.0997075,0.816016
3.34e-07,0.0997075,0.816016
3.342e-07,0.0997075,0.816016
3.344e-07,0.0997075,0.816016
3.346e-07,0.0997075,0.816016
3.348e-07,0.0997075,0.816016
3.35e-07,0.0997075,0.816016
3.352e-07,0.0997075,0.816016
3.354e-07,0.0997075,0.816016
3.356e-07,0.0997075,0.808111
3.358e-07,0.0997075,0.808111
3.36e-07,0.0997075,0.816016
3.362e-07,0.0997075,0.816016
3.364e-07,0.0997075,0.816016
3.366e-07,0.0997075,0.816016
3.368e-07,0.0997075,0.816016
3.37e-07,0.0997075,0.816016
3.372e-07,0.0997075,0.816016
3.374e-07,0.0997075,0.816016
3.376e-07,0.0997075,0.816016
3.378e-07,0.0997075,0.816016
3.38e-07,0.0997075,0.816016
3.382e-07,0.0997075,0.816016
3.384e-07,0.0997075,0.816016
3.386e-07,0.0997075,0.816016
3.388e-07,0.0997075,0.816016
3.39e-07,0.0997075,0.816016
3.392e-07,0.0997075,0.823921
3.394e-07,0.0997075,0.823921
3.396e-07,0.0997075,0.823921
3.398e-07,0.0997075,0.823921
3.4e-07,0.0997075,0.823921
3.402e-07,0.0997075,0.823921
3.404e-07,0.0997075,0.816016
3.406e-07,0.098917,0.816016
3.408e-07,0.098917,0.816016
3.41e-07,0.098917,0.816016
3.412e-07,0.0997075,0.816016
3.414e-07,0.0997075,0.823921
3.416e-07,0.0997075,0.823921
3.418e-07,0.0997075,0.823921
3.42e-07,0.0997075,0.823921
3.422e-07,0.0997075,0.823921
3.424e-07,0.100498,0.823921
3.426e-07,0.100498,0.823921
3.428e-07,0.100498,0.823921
3.43e-07,0.0997075,0.823921
3.432e-07,0.0997075,0.823921
3.434e-07,0.0997075,0.823921
3.436e-07,0.0997075,0.823921
3.438e-07,0.0997075,0.823921
3.44e-07,0.0997075,0.823921
3.442e-07,0.0997075,0.823921
3.444e-07,0.0997075,0.823921
3.446e-07,0.0997075,0.823921
3.448e-07,0.0997075,0.823921
3.45e-07,0.0997075,0.823921
3.452e-07,0.0997075,0.823921
3.454e-07,0.0997075,0.823921
3.456e-07,0.0997075,0.823921
3.458e-07,0.0997075,0.823921
3.46e-07,0.0997075,0.823921
3.462e-07,0.0997075,0.823921
3.464e-07,0.0997075,0.823921
3.466e-07,0.0997075,0.823921
3.468e-07,0.098917,0.816016
3.47e-07,0.098917,0.816016
3.472e-07,0.098917,0.816016
3.474e-07,0.0997075,0.816016
3.476e-07,0.0997075,0.823921
3.478e-07,0.0997075,0.823921
3.48e-07,0.0997075,0.823921
3.482e-07,0.100498,0.823921
3.484e-07,0.100498,0.823921
3.486e-07,0.0997075,0.823921
3.488e-07,0.0997075,0.823921
3.49e-07,0.0997075,0.823921
3.492e-07,0.0997075,0.823921
3.494e-07,0.0997075,0.823921
3.496e-07,0.0997075,0.823921
3.498e-07,0.0997075,0.823921
3.5e-07,0.0997075,0.823921
3.502e-07,0.0997075,0.823921
3.504e-07,0.0997075,0.823921
3.506e-07,0.0997075,0.823921
3.508e-07,0.0997075,0.823921
3.51e-07,0.0997075,0.823921
3.512e-07,0.0997075,0.823921
3.514e-07,0.0997075,0.823921
3.516e-07,0.0997075,0.823921
3.518e-07,0.0997075,0.823921
3.52e-07,0.0997075,0.823921
3.522e-07,0.0997075,0.823921
3.524e-07,0.0997075,0.823921
3.526e-07,0.0997075,0.823921
3.528e-07,0.0997075,0.823921
3.53e-07,0.0997075,0.823921
3.532e-07,0.0997075,0.831826
3.534e-07,0.0997075,0.831826
3.536e-07,0.0997075,0.831826
3.538e-07,0.0997075,0.823921
3.54e-07,0.0997075,0.823921
3.542e-07,0.0997075,0.823921
3.544e-07,0.0997075,0.823921
3.546e-07,0.0997075,0.823921
3.548e-07,0.0997075,0.823921
3.55e-07,0.098917,0.823921
3.552e-07,0.098917,0.823921
3.554e-07,0.0997075,0.823921
3.556e-07,0.0997075,0.823921
3.558e-07,0.0997075,0.823921
3.56e-07,0.0997075,0.816016
3.562e-07,0.0997075,0.816016
3.564e-07,0.0997075,0.823921
3.566e-07,0.0997075,0.823921
3.568e-07,0.0997075,0.823921
3.57e-07,0.0997075,0.823921
3.572e-07,0.0997075,0.823921
3.574e-07,0.0997075,0.823921
3.576e-07,0.0997075,0.823921
3.578e-07,0.0997075,0.816016
3.58e-07,0.0997075,0.816016
3.582e-07,0.0997075,0.816016
3.584e-07,0.0997075,0.816016
3.586e-07,0.0997075,0.816016
3.588e-07,0.0997075,0.816016
3.59e-07,0.100498,0.816016
3.592e-07,0.0997075,0.816016
3.594e-07,0.0997075,0.816016
3.596e-07,0.0997075,0.816016
3.598e-07,0.0997075,0.816016
3.6e-07,0.0997075,0.816016
3.602e-07,0.0997075,0.816016
3.604e-07,0.0997075,0.816016
3.606e-07,0.0997075,0.816016
3.608e-07,0.0997075,0.816016
3.61e-07,0.0997075,0.816016
3.612e-07,0.0997075,0.816016
3.614e-07,0.0997075,0.816016
3.616e-07,0.0997075,0.823921
3.618e-07,0.0997075,0.823921
3.62e-07,0.0997075,0.823921
3.622e-07,0.0997075,0.823921
3.624e-07,0.0997075,0.823921
3.626e-07,0.0997075,0.823921
3.628e-07,0.0997075,0.823921
3.63e-07,0.0997075,0.823921
3.632e-07,0.0997075,0.823921
3.634e-07,0.0997075,0.823921
3.636e-07,0.0997075,0.816016
3.638e-07,0.0997075,0.823921
3.64e-07,0.0997075,0.823921
3.642e-07,0.0997075,0.823921
3.644e-07,0.0997075,0.823921
3.646e-07,0.0997075,0.823921
3.648e-07,0.098917,0.823921
3.65e-07,0.098917,0.823921
3.652e-07,0.098917,0.823921
3.654e-07,0.0997075,0.823921
3.656e-07,0.0997075,0.823921
3.658e-07,0.0997075,0.823921
3.66e-07,0.0997075,0.823921
3.662e-07,0.0997075,0.823921
3.664e-07,0.0997075,0.823921
3.666e-07,0.0997075,0.823921
3.668e-07,0.0997075,0.823921
3.67e-07,0.0997075,0.816016
3.672e-07,0.0997075,0.816016
3.674e-07,0.0997075,0.816016
3.676e-07,0.0997075,0.816016
3.678e-07,0.0997075,0.823921
3.68e-07,0.0997075,0.823921
3.682e-07,0.0997075,0.823921
3.684e-07,0.0997075,0.823921
3.686e-07,0.098917,0.823921
3.688e-07,0.098917,0.823921
3.69e-07,0.098917,0.823921
3.692e-07,0.0997075,0.823921
3.694e-07,0.0997075,0.823921
3.696e-07,0.0997075,0.823921
3.698e-07,0.0997075,0.823921
